,Round,Team 1,Team 2,Year,Score,Name,Team,Position,Price,id,Round_prev,pl_pos_id,is_selected
0,12,Eagles,Hawks,2020,57.26295546558704,Bailey Williams,Eagles,RU,271000,R:12_P:Bailey Williams,11,R:12_P:Bailey Williams_RU,1
1,9,Eagles,Cats,2020,53.95426195426195,Bailey Williams,Eagles,FO,271000,R:9_P:Bailey Williams,8,R:9_P:Bailey Williams_FO,1
2,14,Eagles,Tigers,2020,38.0,Bailey Williams,Eagles,RU,271000,R:14_P:Bailey Williams,13,R:14_P:Bailey Williams_RU,1
3,6,Eagles,Crows,2020,57.888632255472984,Bailey Williams,Eagles,RU,271000,R:6_P:Bailey Williams,5,R:6_P:Bailey Williams_RU,1
4,11,Eagles,Blues,2020,55.29127816627816,Bailey Williams,Eagles,RU,271000,R:11_P:Bailey Williams,10,R:11_P:Bailey Williams_RU,1
5,13,Eagles,Giants,2020,55.12517302748665,Bailey Williams,Eagles,FO,271000,R:13_P:Bailey Williams,12,R:13_P:Bailey Williams_FO,1
6,17,Eagles,Saints,2020,55.23821622568775,Bailey Williams,Eagles,RU,271000,R:17_P:Bailey Williams,16,R:17_P:Bailey Williams_RU,1
7,10,Eagles,,2020,54.61538461538461,Bailey Williams,Eagles,FO,271000,R:10_P:Bailey Williams,9,R:10_P:Bailey Williams_FO,1
8,4,Eagles,Power,2020,54.5953953239336,Bailey Williams,Eagles,RU,271000,R:4_P:Bailey Williams,3,R:4_P:Bailey Williams_RU,1
9,1,Eagles,Demons,2020,56.16353646353646,Bailey Williams,Eagles,RU,271000,R:1_P:Bailey Williams,0,R:1_P:Bailey Williams_RU,1
10,16,Eagles,Bulldogs,2020,55.86793327154773,Bailey Williams,Eagles,FO,271000,R:16_P:Bailey Williams,15,R:16_P:Bailey Williams_FO,1
11,18,Eagles,Kangaroos,2020,32.0,Bailey Williams,Eagles,FO,271000,R:18_P:Bailey Williams,17,R:18_P:Bailey Williams_FO,1
12,18,Eagles,Magpies,2020,32.0,Bailey Williams,Eagles,FO,271000,R:18_P:Bailey Williams,17,R:18_P:Bailey Williams_FO,1
13,15,Eagles,Bombers,2020,38.0,Bailey Williams,Eagles,FO,271000,R:15_P:Bailey Williams,14,R:15_P:Bailey Williams_FO,1
14,5,Eagles,Swans,2020,55.32727455312312,Bailey Williams,Eagles,FO,271000,R:5_P:Bailey Williams,4,R:5_P:Bailey Williams_FO,1
15,8,Eagles,Magpies,2020,55.6285353990272,Bailey Williams,Eagles,FO,271000,R:8_P:Bailey Williams,7,R:8_P:Bailey Williams_FO,1
16,4,Lions,Crows,2020,43.58093994778068,Deven Robertson,Lions,MI,186000,R:4_P:Deven Robertson,3,R:4_P:Deven Robertson_MI,1
17,15,Lions,Magpies,2020,41.32084309133489,Deven Robertson,Lions,MI,186000,R:15_P:Deven Robertson,14,R:15_P:Deven Robertson_MI,1
18,8,Lions,Demons,2020,41.85584415584415,Deven Robertson,Lions,FO,186000,R:8_P:Deven Robertson,7,R:8_P:Deven Robertson_FO,1
19,7,Lions,Giants,2020,40.81748071979435,Deven Robertson,Lions,FO,186000,R:7_P:Deven Robertson,6,R:7_P:Deven Robertson_FO,1
20,10,Lions,Tigers,2020,41.33161157024793,Deven Robertson,Lions,MI,186000,R:10_P:Deven Robertson,9,R:10_P:Deven Robertson_MI,1
21,9,Lions,Bombers,2020,42.275252525252526,Deven Robertson,Lions,MI,186000,R:9_P:Deven Robertson,8,R:9_P:Deven Robertson_MI,1
22,5,Lions,Power,2020,40.287703016241295,Deven Robertson,Lions,MI,186000,R:5_P:Deven Robertson,4,R:5_P:Deven Robertson_MI,1
23,13,Lions,Saints,2020,40.930523917995444,Deven Robertson,Lions,FO,186000,R:13_P:Deven Robertson,12,R:13_P:Deven Robertson_FO,1
24,6,Lions,Cats,2020,39.646569646569645,Deven Robertson,Lions,MI,186000,R:6_P:Deven Robertson,5,R:6_P:Deven Robertson_MI,1
25,2,Lions,Dockers,2020,40.85512820512821,Deven Robertson,Lions,MI,186000,R:2_P:Deven Robertson,1,R:2_P:Deven Robertson_MI,1
26,1,Lions,Hawks,2020,26.0,Deven Robertson,Lions,MI,186000,R:1_P:Deven Robertson,0,R:1_P:Deven Robertson_MI,1
27,16,Lions,Suns,2020,42.61096256684492,Deven Robertson,Lions,MI,186000,R:16_P:Deven Robertson,15,R:16_P:Deven Robertson_MI,1
28,18,Lions,Cats,2020,39.646569646569645,Deven Robertson,Lions,MI,186000,R:18_P:Deven Robertson,17,R:18_P:Deven Robertson_MI,1
29,18,Lions,Tigers,2020,41.33161157024793,Deven Robertson,Lions,MI,186000,R:18_P:Deven Robertson,17,R:18_P:Deven Robertson_MI,1
30,18,Lions,Blues,2020,40.983585858585855,Deven Robertson,Lions,MI,186000,R:18_P:Deven Robertson,17,R:18_P:Deven Robertson_MI,1
31,12,Lions,Kangaroos,2020,41.60687022900763,Deven Robertson,Lions,MI,186000,R:12_P:Deven Robertson,11,R:12_P:Deven Robertson_MI,1
32,11,Lions,Bulldogs,2020,41.56024096385542,Deven Robertson,Lions,MI,186000,R:11_P:Deven Robertson,10,R:11_P:Deven Robertson_MI,1
33,3,Lions,Eagles,2020,41.2590799031477,Deven Robertson,Lions,MI,186000,R:3_P:Deven Robertson,2,R:3_P:Deven Robertson_MI,1
34,17,Lions,Swans,2020,41.01958224543081,Deven Robertson,Lions,MI,186000,R:17_P:Deven Robertson,16,R:17_P:Deven Robertson_MI,1
35,4,Cats,Demons,2020,63.35584415584415,Josh Jenkins,Cats,RU,494000,R:4_P:Josh Jenkins,3,R:4_P:Josh Jenkins_RU,1
36,18,Cats,Magpies,2020,62.82084309133489,Josh Jenkins,Cats,RU,494000,R:18_P:Josh Jenkins,17,R:18_P:Josh Jenkins_RU,1
37,18,Cats,Swans,2020,62.51958224543081,Josh Jenkins,Cats,RU,494000,R:18_P:Josh Jenkins,17,R:18_P:Josh Jenkins_RU,1
38,18,Cats,Tigers,2020,62.83161157024793,Josh Jenkins,Cats,RU,494000,R:18_P:Josh Jenkins,17,R:18_P:Josh Jenkins_RU,1
39,18,Cats,Lions,2020,62.05361305361305,Josh Jenkins,Cats,RU,494000,R:18_P:Josh Jenkins,17,R:18_P:Josh Jenkins_RU,1
40,18,Cats,Power,2020,61.787703016241295,Josh Jenkins,Cats,RU,494000,R:18_P:Josh Jenkins,17,R:18_P:Josh Jenkins_RU,1
41,7,Cats,Magpies,2020,62.82084309133489,Josh Jenkins,Cats,RU,494000,R:7_P:Josh Jenkins,6,R:7_P:Josh Jenkins_RU,1
42,8,Cats,Dockers,2020,62.35512820512821,Josh Jenkins,Cats,RU,494000,R:8_P:Josh Jenkins,7,R:8_P:Josh Jenkins_RU,1
43,16,Cats,Bombers,2020,69.0,Josh Jenkins,Cats,FO,494000,R:16_P:Josh Jenkins,15,R:16_P:Josh Jenkins_FO,1
44,5,Cats,Suns,2020,64.11096256684492,Josh Jenkins,Cats,RU,494000,R:5_P:Josh Jenkins,4,R:5_P:Josh Jenkins_RU,1
45,6,Cats,Lions,2020,62.05361305361305,Josh Jenkins,Cats,FO,494000,R:6_P:Josh Jenkins,5,R:6_P:Josh Jenkins_FO,1
46,14,Cats,Bulldogs,2020,63.06024096385542,Josh Jenkins,Cats,RU,494000,R:14_P:Josh Jenkins,13,R:14_P:Josh Jenkins_RU,1
47,1,Cats,Giants,2020,62.31748071979435,Josh Jenkins,Cats,RU,494000,R:1_P:Josh Jenkins,0,R:1_P:Josh Jenkins_RU,1
48,10,Cats,Kangaroos,2020,63.10687022900763,Josh Jenkins,Cats,RU,494000,R:10_P:Josh Jenkins,9,R:10_P:Josh Jenkins_RU,1
49,11,Cats,Saints,2020,62.430523917995444,Josh Jenkins,Cats,RU,494000,R:11_P:Josh Jenkins,10,R:11_P:Josh Jenkins_RU,1
50,2,Cats,Hawks,2020,64.45526315789473,Josh Jenkins,Cats,RU,494000,R:2_P:Josh Jenkins,1,R:2_P:Josh Jenkins_RU,1
51,15,Cats,,2020,69.0,Josh Jenkins,Cats,FO,494000,R:15_P:Josh Jenkins,14,R:15_P:Josh Jenkins_FO,1
52,13,Crows,Cats,2020,42.146569646569645,Kieran Strachan,Crows,RU,222000,R:13_P:Kieran Strachan,12,R:13_P:Kieran Strachan_RU,1
53,10,Crows,Demons,2020,44.35584415584415,Kieran Strachan,Crows,RU,222000,R:10_P:Kieran Strachan,9,R:10_P:Kieran Strachan_RU,1
54,18,Crows,Tigers,2020,43.83161157024793,Kieran Strachan,Crows,FO,222000,R:18_P:Kieran Strachan,17,R:18_P:Kieran Strachan_FO,1
55,6,Crows,Eagles,2020,43.7590799031477,Kieran Strachan,Crows,FO,222000,R:6_P:Kieran Strachan,5,R:6_P:Kieran Strachan_FO,1
56,7,Crows,Saints,2020,43.430523917995444,Kieran Strachan,Crows,FO,222000,R:7_P:Kieran Strachan,6,R:7_P:Kieran Strachan_FO,1
57,2,Crows,Power,2020,42.787703016241295,Kieran Strachan,Crows,RU,222000,R:2_P:Kieran Strachan,1,R:2_P:Kieran Strachan_RU,1
58,14,Crows,,2020,31.0,Kieran Strachan,Crows,FO,222000,R:14_P:Kieran Strachan,13,R:14_P:Kieran Strachan_FO,1
59,1,Crows,Swans,2020,43.51958224543081,Kieran Strachan,Crows,RU,222000,R:1_P:Kieran Strachan,0,R:1_P:Kieran Strachan_RU,1
60,16,Crows,Giants,2020,43.31748071979435,Kieran Strachan,Crows,RU,222000,R:16_P:Kieran Strachan,15,R:16_P:Kieran Strachan_RU,1
61,17,Crows,Blues,2020,43.483585858585855,Kieran Strachan,Crows,FO,222000,R:17_P:Kieran Strachan,16,R:17_P:Kieran Strachan_FO,1
62,15,Crows,Hawks,2020,45.455263157894734,Kieran Strachan,Crows,RU,222000,R:15_P:Kieran Strachan,14,R:15_P:Kieran Strachan_RU,1
63,9,Crows,Kangaroos,2020,31.0,Kieran Strachan,Crows,RU,222000,R:9_P:Kieran Strachan,8,R:9_P:Kieran Strachan_RU,1
64,17,Lions,Swans,2020,58.51958224543081,Rhys Mathieson,Lions,FO,437000,R:17_P:Rhys Mathieson,16,R:17_P:Rhys Mathieson_FO,1
65,13,Lions,Saints,2020,58.430523917995444,Rhys Mathieson,Lions,MI,437000,R:13_P:Rhys Mathieson,12,R:13_P:Rhys Mathieson_MI,1
66,5,Lions,Power,2020,57.787703016241295,Rhys Mathieson,Lions,MI,437000,R:5_P:Rhys Mathieson,4,R:5_P:Rhys Mathieson_MI,1
67,15,Lions,Magpies,2020,58.82084309133489,Rhys Mathieson,Lions,FO,437000,R:15_P:Rhys Mathieson,14,R:15_P:Rhys Mathieson_FO,1
68,18,Lions,Blues,2020,58.483585858585855,Rhys Mathieson,Lions,FO,437000,R:18_P:Rhys Mathieson,17,R:18_P:Rhys Mathieson_FO,1
69,18,Lions,Cats,2020,57.146569646569645,Rhys Mathieson,Lions,FO,437000,R:18_P:Rhys Mathieson,17,R:18_P:Rhys Mathieson_FO,1
70,18,Lions,Tigers,2020,58.83161157024793,Rhys Mathieson,Lions,FO,437000,R:18_P:Rhys Mathieson,17,R:18_P:Rhys Mathieson_FO,1
71,11,Lions,Bulldogs,2020,59.06024096385542,Rhys Mathieson,Lions,MI,437000,R:11_P:Rhys Mathieson,10,R:11_P:Rhys Mathieson_MI,1
72,14,Lions,,2020,61.0,Rhys Mathieson,Lions,FO,437000,R:14_P:Rhys Mathieson,13,R:14_P:Rhys Mathieson_FO,1
73,3,Lions,Eagles,2020,58.7590799031477,Rhys Mathieson,Lions,FO,437000,R:3_P:Rhys Mathieson,2,R:3_P:Rhys Mathieson_FO,1
74,12,Lions,Kangaroos,2020,61.0,Rhys Mathieson,Lions,MI,437000,R:12_P:Rhys Mathieson,11,R:12_P:Rhys Mathieson_MI,1
75,8,Lions,Demons,2020,59.35584415584415,Rhys Mathieson,Lions,MI,437000,R:8_P:Rhys Mathieson,7,R:8_P:Rhys Mathieson_MI,1
76,6,Lions,Cats,2020,57.146569646569645,Rhys Mathieson,Lions,MI,437000,R:6_P:Rhys Mathieson,5,R:6_P:Rhys Mathieson_MI,1
77,1,Lions,Hawks,2020,60.455263157894734,Rhys Mathieson,Lions,MI,437000,R:1_P:Rhys Mathieson,0,R:1_P:Rhys Mathieson_MI,1
78,7,Lions,Giants,2020,58.31748071979435,Rhys Mathieson,Lions,MI,437000,R:7_P:Rhys Mathieson,6,R:7_P:Rhys Mathieson_MI,1
79,10,Lions,Tigers,2020,58.83161157024793,Rhys Mathieson,Lions,MI,437000,R:10_P:Rhys Mathieson,9,R:10_P:Rhys Mathieson_MI,1
80,2,Giants,Kangaroos,2020,43.60687022900763,Thomas Hutchesson,Giants,FO,215000,R:2_P:Thomas Hutchesson,1,R:2_P:Thomas Hutchesson_FO,1
81,11,Magpies,Crows,2020,42.58093994778068,Will Kelly,Magpies,FO,172000,R:11_P:Will Kelly,10,R:11_P:Will Kelly_FO,1
82,7,Giants,Lions,2020,42.55361305361305,Thomas Hutchesson,Giants,MI,215000,R:7_P:Thomas Hutchesson,6,R:7_P:Thomas Hutchesson_MI,1
83,18,Giants,Saints,2020,42.930523917995444,Thomas Hutchesson,Giants,MI,215000,R:18_P:Thomas Hutchesson,17,R:18_P:Thomas Hutchesson_MI,1
84,1,Giants,Cats,2020,41.646569646569645,Thomas Hutchesson,Giants,MI,215000,R:1_P:Thomas Hutchesson,0,R:1_P:Thomas Hutchesson_MI,1
85,5,Giants,Hawks,2020,44.955263157894734,Thomas Hutchesson,Giants,FO,215000,R:5_P:Thomas Hutchesson,4,R:5_P:Thomas Hutchesson_FO,1
86,5,Magpies,Bombers,2020,41.275252525252526,Max Lynch,Magpies,FO,172000,R:5_P:Max Lynch,4,R:5_P:Max Lynch_FO,1
87,3,Giants,Bulldogs,2020,43.56024096385542,Thomas Hutchesson,Giants,MI,215000,R:3_P:Thomas Hutchesson,2,R:3_P:Thomas Hutchesson_MI,1
88,10,Magpies,Swans,2020,40.01958224543081,Will Kelly,Magpies,FO,172000,R:10_P:Will Kelly,9,R:10_P:Will Kelly_FO,1
89,13,Giants,Eagles,2020,43.2590799031477,Thomas Hutchesson,Giants,MI,215000,R:13_P:Thomas Hutchesson,12,R:13_P:Thomas Hutchesson_MI,1
90,15,Magpies,Lions,2020,39.55361305361305,Will Kelly,Magpies,FO,172000,R:15_P:Will Kelly,14,R:15_P:Will Kelly_FO,1
91,12,Magpies,Demons,2020,40.85584415584415,Max Lynch,Magpies,FO,172000,R:12_P:Max Lynch,11,R:12_P:Max Lynch_FO,1
92,15,Magpies,Lions,2020,24.0,Max Lynch,Magpies,RU,172000,R:15_P:Max Lynch,14,R:15_P:Max Lynch_RU,1
93,11,Magpies,Crows,2020,42.58093994778068,Max Lynch,Magpies,FO,172000,R:11_P:Max Lynch,10,R:11_P:Max Lynch_FO,1
94,4,Giants,Magpies,2020,43.32084309133489,Thomas Hutchesson,Giants,FO,215000,R:4_P:Thomas Hutchesson,3,R:4_P:Thomas Hutchesson_FO,1
95,16,Giants,Crows,2020,45.58093994778068,Thomas Hutchesson,Giants,MI,215000,R:16_P:Thomas Hutchesson,15,R:16_P:Thomas Hutchesson_MI,1
96,9,Magpies,Dockers,2020,39.85512820512821,Will Kelly,Magpies,FO,172000,R:9_P:Will Kelly,8,R:9_P:Will Kelly_FO,1
97,8,Magpies,Eagles,2020,40.2590799031477,Will Kelly,Magpies,FO,172000,R:8_P:Will Kelly,7,R:8_P:Will Kelly_FO,1
98,2,Magpies,Tigers,2020,40.33161157024793,Max Lynch,Magpies,FO,172000,R:2_P:Max Lynch,1,R:2_P:Max Lynch_FO,1
99,16,Magpies,,2020,24.0,Will Kelly,Magpies,FO,172000,R:16_P:Will Kelly,15,R:16_P:Will Kelly_FO,1
100,16,Magpies,,2020,24.0,Max Lynch,Magpies,RU,172000,R:16_P:Max Lynch,15,R:16_P:Max Lynch_RU,1
101,12,Giants,Swans,2020,30.0,Thomas Hutchesson,Giants,FO,215000,R:12_P:Thomas Hutchesson,11,R:12_P:Thomas Hutchesson_FO,1
102,9,Giants,Suns,2020,44.61096256684492,Thomas Hutchesson,Giants,MI,215000,R:9_P:Thomas Hutchesson,8,R:9_P:Thomas Hutchesson_MI,1
103,8,Giants,Tigers,2020,43.33161157024793,Thomas Hutchesson,Giants,FO,215000,R:8_P:Thomas Hutchesson,7,R:8_P:Thomas Hutchesson_FO,1
104,15,Giants,Blues,2020,42.983585858585855,Thomas Hutchesson,Giants,MI,215000,R:15_P:Thomas Hutchesson,14,R:15_P:Thomas Hutchesson_MI,1
105,8,Magpies,Eagles,2020,40.2590799031477,Max Lynch,Magpies,RU,172000,R:8_P:Max Lynch,7,R:8_P:Max Lynch_RU,1
106,4,Magpies,Giants,2020,39.81748071979435,Max Lynch,Magpies,FO,172000,R:4_P:Max Lynch,3,R:4_P:Max Lynch_FO,1
107,18,Magpies,Eagles,2020,40.2590799031477,Max Lynch,Magpies,RU,172000,R:18_P:Max Lynch,17,R:18_P:Max Lynch_RU,1
108,18,Magpies,Power,2020,39.287703016241295,Max Lynch,Magpies,RU,172000,R:18_P:Max Lynch,17,R:18_P:Max Lynch_RU,1
109,18,Magpies,Cats,2020,38.646569646569645,Max Lynch,Magpies,RU,172000,R:18_P:Max Lynch,17,R:18_P:Max Lynch_RU,1
110,1,Magpies,Bulldogs,2020,40.56024096385542,Max Lynch,Magpies,FO,172000,R:1_P:Max Lynch,0,R:1_P:Max Lynch_FO,1
111,6,Magpies,Hawks,2020,41.955263157894734,Max Lynch,Magpies,RU,172000,R:6_P:Max Lynch,5,R:6_P:Max Lynch_RU,1
112,6,Giants,Power,2020,42.287703016241295,Thomas Hutchesson,Giants,FO,215000,R:6_P:Thomas Hutchesson,5,R:6_P:Thomas Hutchesson_FO,1
113,10,Giants,Bombers,2020,44.275252525252526,Thomas Hutchesson,Giants,FO,215000,R:10_P:Thomas Hutchesson,9,R:10_P:Thomas Hutchesson_FO,1
114,3,Magpies,Saints,2020,39.930523917995444,Will Kelly,Magpies,FO,172000,R:3_P:Will Kelly,2,R:3_P:Will Kelly_FO,1
115,17,Magpies,Suns,2020,41.61096256684492,Max Lynch,Magpies,RU,172000,R:17_P:Max Lynch,16,R:17_P:Max Lynch_RU,1
116,11,Giants,,2020,30.0,Thomas Hutchesson,Giants,MI,215000,R:11_P:Thomas Hutchesson,10,R:11_P:Thomas Hutchesson_MI,1
117,3,Magpies,Saints,2020,39.930523917995444,Max Lynch,Magpies,RU,172000,R:3_P:Max Lynch,2,R:3_P:Max Lynch_RU,1
118,17,Giants,Demons,2020,43.85584415584415,Thomas Hutchesson,Giants,MI,215000,R:17_P:Thomas Hutchesson,16,R:17_P:Thomas Hutchesson_MI,1
119,9,Magpies,Dockers,2020,39.85512820512821,Max Lynch,Magpies,RU,172000,R:9_P:Max Lynch,8,R:9_P:Max Lynch_RU,1
120,17,Magpies,Suns,2020,41.61096256684492,Will Kelly,Magpies,FO,172000,R:17_P:Will Kelly,16,R:17_P:Will Kelly_FO,1
121,14,Giants,Dockers,2020,42.85512820512821,Thomas Hutchesson,Giants,FO,215000,R:14_P:Thomas Hutchesson,13,R:14_P:Thomas Hutchesson_FO,1
122,8,Hawks,Swans,2020,29.0,Keegan Brooksby,Hawks,FO,208000,R:8_P:Keegan Brooksby,7,R:8_P:Keegan Brooksby_FO,1
123,15,Hawks,Crows,2020,45.08093994778068,Keegan Brooksby,Hawks,RU,208000,R:15_P:Keegan Brooksby,14,R:15_P:Keegan Brooksby_RU,1
124,18,Hawks,Suns,2020,44.11096256684492,Keegan Brooksby,Hawks,RU,208000,R:18_P:Keegan Brooksby,17,R:18_P:Keegan Brooksby_RU,1
125,6,Hawks,Magpies,2020,42.82084309133489,Keegan Brooksby,Hawks,RU,208000,R:6_P:Keegan Brooksby,5,R:6_P:Keegan Brooksby_RU,1
126,12,Hawks,Eagles,2020,42.7590799031477,Keegan Brooksby,Hawks,FO,208000,R:12_P:Keegan Brooksby,11,R:12_P:Keegan Brooksby_FO,1
127,13,Hawks,Power,2020,41.787703016241295,Keegan Brooksby,Hawks,RU,208000,R:13_P:Keegan Brooksby,12,R:13_P:Keegan Brooksby_RU,1
128,2,Hawks,Cats,2020,41.146569646569645,Keegan Brooksby,Hawks,RU,208000,R:2_P:Keegan Brooksby,1,R:2_P:Keegan Brooksby_RU,1
129,17,Hawks,Bulldogs,2020,43.06024096385542,Keegan Brooksby,Hawks,FO,208000,R:17_P:Keegan Brooksby,16,R:17_P:Keegan Brooksby_FO,1
130,11,Hawks,Dockers,2020,42.35512820512821,Keegan Brooksby,Hawks,FO,208000,R:11_P:Keegan Brooksby,10,R:11_P:Keegan Brooksby_FO,1
131,10,Hawks,,2020,29.0,Keegan Brooksby,Hawks,FO,208000,R:10_P:Keegan Brooksby,9,R:10_P:Keegan Brooksby_FO,1
132,3,Hawks,Tigers,2020,42.83161157024793,Keegan Brooksby,Hawks,RU,208000,R:3_P:Keegan Brooksby,2,R:3_P:Keegan Brooksby_RU,1
133,1,Hawks,Lions,2020,42.05361305361305,Keegan Brooksby,Hawks,FO,208000,R:1_P:Keegan Brooksby,0,R:1_P:Keegan Brooksby_FO,1
134,14,Hawks,Bombers,2020,43.775252525252526,Keegan Brooksby,Hawks,FO,208000,R:14_P:Keegan Brooksby,13,R:14_P:Keegan Brooksby_FO,1
135,5,Hawks,Giants,2020,42.31748071979435,Keegan Brooksby,Hawks,FO,208000,R:5_P:Keegan Brooksby,4,R:5_P:Keegan Brooksby_FO,1
136,12,Cats,Power,2020,40.787703016241295,Ben Jarvis,Cats,DE,194000,R:12_P:Ben Jarvis,11,R:12_P:Ben Jarvis_DE,1
137,2,Cats,Hawks,2020,43.455263157894734,Ben Jarvis,Cats,DE,194000,R:2_P:Ben Jarvis,1,R:2_P:Ben Jarvis_DE,1
138,7,Cats,Magpies,2020,41.82084309133489,Ben Jarvis,Cats,DE,194000,R:7_P:Ben Jarvis,6,R:7_P:Ben Jarvis_DE,1
139,16,Cats,Bombers,2020,42.775252525252526,Ben Jarvis,Cats,DE,194000,R:16_P:Ben Jarvis,15,R:16_P:Ben Jarvis_DE,1
140,18,Magpies,Eagles,2020,41.7590799031477,Mark Keane,Magpies,DE,194000,R:18_P:Mark Keane,17,R:18_P:Mark Keane_DE,1
141,18,Magpies,Cats,2020,40.146569646569645,Mark Keane,Magpies,DE,194000,R:18_P:Mark Keane,17,R:18_P:Mark Keane_DE,1
142,18,Magpies,Power,2020,40.787703016241295,Mark Keane,Magpies,DE,194000,R:18_P:Mark Keane,17,R:18_P:Mark Keane_DE,1
143,14,Cats,Bulldogs,2020,42.06024096385542,Ben Jarvis,Cats,DE,194000,R:14_P:Ben Jarvis,13,R:14_P:Ben Jarvis_DE,1
144,13,Cats,Crows,2020,44.08093994778068,Ben Jarvis,Cats,DE,194000,R:13_P:Ben Jarvis,12,R:13_P:Ben Jarvis_DE,1
145,14,Magpies,Blues,2020,41.483585858585855,Mark Keane,Magpies,DE,194000,R:14_P:Mark Keane,13,R:14_P:Mark Keane_DE,1
146,18,Cats,Magpies,2020,41.82084309133489,Ben Jarvis,Cats,DE,194000,R:18_P:Ben Jarvis,17,R:18_P:Ben Jarvis_DE,1
147,18,Cats,Lions,2020,41.05361305361305,Ben Jarvis,Cats,DE,194000,R:18_P:Ben Jarvis,17,R:18_P:Ben Jarvis_DE,1
148,18,Cats,Tigers,2020,41.83161157024793,Ben Jarvis,Cats,DE,194000,R:18_P:Ben Jarvis,17,R:18_P:Ben Jarvis_DE,1
149,18,Cats,Swans,2020,41.51958224543081,Ben Jarvis,Cats,DE,194000,R:18_P:Ben Jarvis,17,R:18_P:Ben Jarvis_DE,1
150,18,Cats,Power,2020,40.787703016241295,Ben Jarvis,Cats,DE,194000,R:18_P:Ben Jarvis,17,R:18_P:Ben Jarvis_DE,1
151,5,Cats,Suns,2020,43.11096256684492,Ben Jarvis,Cats,DE,194000,R:5_P:Ben Jarvis,4,R:5_P:Ben Jarvis_DE,1
152,11,Cats,Saints,2020,41.430523917995444,Ben Jarvis,Cats,DE,194000,R:11_P:Ben Jarvis,10,R:11_P:Ben Jarvis_DE,1
153,3,Cats,Blues,2020,41.483585858585855,Ben Jarvis,Cats,DE,194000,R:3_P:Ben Jarvis,2,R:3_P:Ben Jarvis_DE,1
154,15,Magpies,Lions,2020,41.05361305361305,Mark Keane,Magpies,DE,194000,R:15_P:Mark Keane,14,R:15_P:Mark Keane_DE,1
155,8,Cats,Dockers,2020,41.35512820512821,Ben Jarvis,Cats,DE,194000,R:8_P:Ben Jarvis,7,R:8_P:Ben Jarvis_DE,1
156,9,Cats,Eagles,2020,41.7590799031477,Ben Jarvis,Cats,DE,194000,R:9_P:Ben Jarvis,8,R:9_P:Ben Jarvis_DE,1
157,17,Cats,Tigers,2020,27.0,Ben Jarvis,Cats,DE,194000,R:17_P:Ben Jarvis,16,R:17_P:Ben Jarvis_DE,1
158,17,Magpies,Suns,2020,43.11096256684492,Mark Keane,Magpies,DE,194000,R:17_P:Mark Keane,16,R:17_P:Mark Keane_DE,1
159,6,Cats,Lions,2020,41.05361305361305,Ben Jarvis,Cats,DE,194000,R:6_P:Ben Jarvis,5,R:6_P:Ben Jarvis_DE,1
160,15,Cats,,2020,27.0,Ben Jarvis,Cats,DE,194000,R:15_P:Ben Jarvis,14,R:15_P:Ben Jarvis_DE,1
161,1,Cats,Giants,2020,41.31748071979435,Ben Jarvis,Cats,DE,194000,R:1_P:Ben Jarvis,0,R:1_P:Ben Jarvis_DE,1
162,10,Cats,Kangaroos,2020,42.10687022900763,Ben Jarvis,Cats,FO,194000,R:10_P:Ben Jarvis,9,R:10_P:Ben Jarvis_FO,1
163,4,Cats,Demons,2020,42.35584415584415,Ben Jarvis,Cats,DE,194000,R:4_P:Ben Jarvis,3,R:4_P:Ben Jarvis_DE,1
164,16,Magpies,,2020,27.0,Mark Keane,Magpies,DE,194000,R:16_P:Mark Keane,15,R:16_P:Mark Keane_DE,1
165,13,Magpies,Kangaroos,2020,42.10687022900763,Mark Keane,Magpies,DE,194000,R:13_P:Mark Keane,12,R:13_P:Mark Keane_DE,1
166,7,Bulldogs,Bombers,2020,66.10858585858585,Taylor Duryea,Bulldogs,FO,533000,R:7_P:Taylor Duryea,6,R:7_P:Taylor Duryea_FO,1
167,5,Bulldogs,Kangaroos,2020,65.44020356234097,Taylor Duryea,Bulldogs,DE,533000,R:5_P:Taylor Duryea,4,R:5_P:Taylor Duryea_DE,1
168,17,Bulldogs,Hawks,2020,73.0,Taylor Duryea,Bulldogs,DE,533000,R:17_P:Taylor Duryea,16,R:17_P:Taylor Duryea_DE,1
169,14,Bulldogs,Cats,2020,63.47990297990298,Taylor Duryea,Bulldogs,DE,533000,R:14_P:Taylor Duryea,13,R:14_P:Taylor Duryea_DE,1
170,6,Bulldogs,Blues,2020,64.8169191919192,Taylor Duryea,Bulldogs,DE,533000,R:6_P:Taylor Duryea,5,R:6_P:Taylor Duryea_DE,1
171,9,Bulldogs,Tigers,2020,65.16494490358127,Taylor Duryea,Bulldogs,DE,533000,R:9_P:Taylor Duryea,8,R:9_P:Taylor Duryea_DE,1
172,16,Bulldogs,Eagles,2020,65.09241323648104,Taylor Duryea,Bulldogs,DE,533000,R:16_P:Taylor Duryea,15,R:16_P:Taylor Duryea_DE,1
173,1,Bulldogs,Magpies,2020,65.15417642466824,Taylor Duryea,Bulldogs,DE,533000,R:1_P:Taylor Duryea,0,R:1_P:Taylor Duryea_DE,1
174,13,Bulldogs,Demons,2020,65.6891774891775,Taylor Duryea,Bulldogs,DE,533000,R:13_P:Taylor Duryea,12,R:13_P:Taylor Duryea_DE,1
175,10,Bulldogs,Power,2020,64.12103634957464,Taylor Duryea,Bulldogs,DE,533000,R:10_P:Taylor Duryea,9,R:10_P:Taylor Duryea_DE,1
176,4,Bulldogs,Swans,2020,64.85291557876414,Taylor Duryea,Bulldogs,DE,533000,R:4_P:Taylor Duryea,3,R:4_P:Taylor Duryea_DE,1
177,8,Bulldogs,Suns,2020,66.44429590017825,Taylor Duryea,Bulldogs,DE,533000,R:8_P:Taylor Duryea,7,R:8_P:Taylor Duryea_DE,1
178,15,Bulldogs,,2020,73.66666666666667,Taylor Duryea,Bulldogs,DE,533000,R:15_P:Taylor Duryea,14,R:15_P:Taylor Duryea_DE,1
179,12,Bulldogs,Crows,2020,67.41427328111402,Taylor Duryea,Bulldogs,DE,533000,R:12_P:Taylor Duryea,11,R:12_P:Taylor Duryea_DE,1
180,2,Bulldogs,Saints,2020,64.76385725132877,Taylor Duryea,Bulldogs,DE,533000,R:2_P:Taylor Duryea,1,R:2_P:Taylor Duryea_DE,1
181,11,Bulldogs,Lions,2020,64.38694638694639,Taylor Duryea,Bulldogs,DE,533000,R:11_P:Taylor Duryea,10,R:11_P:Taylor Duryea_DE,1
182,3,Bulldogs,Giants,2020,64.65081405312768,Taylor Duryea,Bulldogs,FO,533000,R:3_P:Taylor Duryea,2,R:3_P:Taylor Duryea_FO,1
183,11,Tigers,Power,2020,40.537703016241295,Thomson Dow,Tigers,MI,192000,R:11_P:Thomson Dow,10,R:11_P:Thomson Dow_MI,1
184,12,Tigers,Suns,2020,42.86096256684492,Thomson Dow,Tigers,MI,192000,R:12_P:Thomson Dow,11,R:12_P:Thomson Dow_MI,1
185,5,Tigers,Demons,2020,42.10584415584415,Thomson Dow,Tigers,MI,192000,R:5_P:Thomson Dow,4,R:5_P:Thomson Dow_MI,1
186,8,Tigers,Giants,2020,41.06748071979435,Thomson Dow,Tigers,MI,192000,R:8_P:Thomson Dow,7,R:8_P:Thomson Dow_MI,1
187,18,Tigers,Crows,2020,43.83093994778068,Thomson Dow,Tigers,MI,192000,R:18_P:Thomson Dow,17,R:18_P:Thomson Dow_MI,1
188,18,Tigers,Lions,2020,40.80361305361305,Thomson Dow,Tigers,MI,192000,R:18_P:Thomson Dow,17,R:18_P:Thomson Dow_MI,1
189,18,Tigers,Power,2020,40.537703016241295,Thomson Dow,Tigers,MI,192000,R:18_P:Thomson Dow,17,R:18_P:Thomson Dow_MI,1
190,18,Tigers,Saints,2020,41.180523917995444,Thomson Dow,Tigers,MI,192000,R:18_P:Thomson Dow,17,R:18_P:Thomson Dow_MI,1
191,18,Tigers,Cats,2020,39.896569646569645,Thomson Dow,Tigers,MI,192000,R:18_P:Thomson Dow,17,R:18_P:Thomson Dow_MI,1
192,17,Tigers,Cats,2020,39.896569646569645,Thomson Dow,Tigers,MI,192000,R:17_P:Thomson Dow,16,R:17_P:Thomson Dow_MI,1
193,10,Tigers,Lions,2020,40.80361305361305,Thomson Dow,Tigers,MI,192000,R:10_P:Thomson Dow,9,R:10_P:Thomson Dow_MI,1
194,7,Tigers,Kangaroos,2020,41.85687022900763,Thomson Dow,Tigers,MI,192000,R:7_P:Thomson Dow,6,R:7_P:Thomson Dow_MI,1
195,6,Tigers,Swans,2020,41.26958224543081,Thomson Dow,Tigers,MI,192000,R:6_P:Thomson Dow,5,R:6_P:Thomson Dow_MI,1
196,9,Tigers,Bulldogs,2020,41.81024096385542,Thomson Dow,Tigers,MI,192000,R:9_P:Thomson Dow,8,R:9_P:Thomson Dow_MI,1
197,1,Giants,Cats,2020,49.646569646569645,Jack Buckley,Giants,DE,334000,R:1_P:Jack Buckley,0,R:1_P:Jack Buckley_DE,1
198,10,Giants,Bombers,2020,52.275252525252526,Jack Buckley,Giants,DE,334000,R:10_P:Jack Buckley,9,R:10_P:Jack Buckley_DE,1
199,9,Giants,Suns,2020,52.61096256684492,Jack Buckley,Giants,DE,334000,R:9_P:Jack Buckley,8,R:9_P:Jack Buckley_DE,1
200,14,Giants,Dockers,2020,50.85512820512821,Jack Buckley,Giants,MI,334000,R:14_P:Jack Buckley,13,R:14_P:Jack Buckley_MI,1
201,6,Giants,Power,2020,50.287703016241295,Jack Buckley,Giants,DE,334000,R:6_P:Jack Buckley,5,R:6_P:Jack Buckley_DE,1
202,7,Giants,Lions,2020,50.55361305361305,Jack Buckley,Giants,DE,334000,R:7_P:Jack Buckley,6,R:7_P:Jack Buckley_DE,1
203,17,Giants,Demons,2020,52.0,Jack Buckley,Giants,DE,334000,R:17_P:Jack Buckley,16,R:17_P:Jack Buckley_DE,1
204,12,Giants,Swans,2020,51.01958224543081,Jack Buckley,Giants,MI,334000,R:12_P:Jack Buckley,11,R:12_P:Jack Buckley_MI,1
205,13,Giants,Eagles,2020,51.2590799031477,Jack Buckley,Giants,DE,334000,R:13_P:Jack Buckley,12,R:13_P:Jack Buckley_DE,1
206,8,Giants,Tigers,2020,51.33161157024793,Jack Buckley,Giants,DE,334000,R:8_P:Jack Buckley,7,R:8_P:Jack Buckley_DE,1
207,4,Giants,Magpies,2020,51.32084309133489,Jack Buckley,Giants,DE,334000,R:4_P:Jack Buckley,3,R:4_P:Jack Buckley_DE,1
208,5,Giants,Hawks,2020,52.955263157894734,Jack Buckley,Giants,MI,334000,R:5_P:Jack Buckley,4,R:5_P:Jack Buckley_MI,1
209,16,Giants,Crows,2020,53.58093994778068,Jack Buckley,Giants,MI,334000,R:16_P:Jack Buckley,15,R:16_P:Jack Buckley_MI,1
210,11,Giants,,2020,46.0,Jack Buckley,Giants,DE,334000,R:11_P:Jack Buckley,10,R:11_P:Jack Buckley_DE,1
211,2,Giants,Kangaroos,2020,51.60687022900763,Jack Buckley,Giants,DE,334000,R:2_P:Jack Buckley,1,R:2_P:Jack Buckley_DE,1
212,3,Giants,Bulldogs,2020,51.56024096385542,Jack Buckley,Giants,DE,334000,R:3_P:Jack Buckley,2,R:3_P:Jack Buckley_DE,1
213,15,Giants,Blues,2020,50.983585858585855,Jack Buckley,Giants,DE,334000,R:15_P:Jack Buckley,14,R:15_P:Jack Buckley_DE,1
214,16,Kangaroos,Power,2020,51.037703016241295,Will Walker,Kangaroos,MI,345000,R:16_P:Will Walker,15,R:16_P:Will Walker_MI,1
215,16,Bulldogs,Eagles,2020,47.2590799031477,Lachie Young,Bulldogs,DE,276000,R:16_P:Lachie Young,15,R:16_P:Lachie Young_DE,1
216,17,Bulldogs,Hawks,2020,48.955263157894734,Lachie Young,Bulldogs,DE,276000,R:17_P:Lachie Young,16,R:17_P:Lachie Young_DE,1
217,1,Kangaroos,Saints,2020,51.680523917995444,Will Walker,Kangaroos,MI,345000,R:1_P:Will Walker,0,R:1_P:Will Walker_MI,1
218,6,Bulldogs,Blues,2020,46.983585858585855,Lachie Young,Bulldogs,DE,276000,R:6_P:Lachie Young,5,R:6_P:Lachie Young_DE,1
219,8,Kangaroos,Blues,2020,51.733585858585855,Will Walker,Kangaroos,MI,345000,R:8_P:Will Walker,7,R:8_P:Will Walker_MI,1
220,11,Bulldogs,Lions,2020,46.55361305361305,Lachie Young,Bulldogs,MI,276000,R:11_P:Lachie Young,10,R:11_P:Lachie Young_MI,1
221,6,Kangaroos,Bombers,2020,53.025252525252526,Will Walker,Kangaroos,MI,345000,R:6_P:Will Walker,5,R:6_P:Will Walker_MI,1
222,13,Bulldogs,Demons,2020,47.85584415584415,Lachie Young,Bulldogs,DE,276000,R:13_P:Lachie Young,12,R:13_P:Lachie Young_DE,1
223,12,Bulldogs,Crows,2020,49.58093994778068,Lachie Young,Bulldogs,DE,276000,R:12_P:Lachie Young,11,R:12_P:Lachie Young_DE,1
224,10,Kangaroos,Cats,2020,44.0,Will Walker,Kangaroos,MI,345000,R:10_P:Will Walker,9,R:10_P:Will Walker_MI,1
225,9,Kangaroos,Crows,2020,54.33093994778068,Will Walker,Kangaroos,FO,345000,R:9_P:Will Walker,8,R:9_P:Will Walker_FO,1
226,11,Kangaroos,Demons,2020,52.60584415584415,Will Walker,Kangaroos,MI,345000,R:11_P:Will Walker,10,R:11_P:Will Walker_MI,1
227,13,Kangaroos,Magpies,2020,52.07084309133489,Will Walker,Kangaroos,MI,345000,R:13_P:Will Walker,12,R:13_P:Will Walker_MI,1
228,4,Bulldogs,Swans,2020,47.01958224543081,Lachie Young,Bulldogs,DE,276000,R:4_P:Lachie Young,3,R:4_P:Lachie Young_DE,1
229,2,Kangaroos,Giants,2020,51.56748071979435,Will Walker,Kangaroos,FO,345000,R:2_P:Will Walker,1,R:2_P:Will Walker_FO,1
230,15,Bulldogs,,2020,38.0,Lachie Young,Bulldogs,DE,276000,R:15_P:Lachie Young,14,R:15_P:Lachie Young_DE,1
231,18,Bulldogs,Dockers,2020,46.85512820512821,Lachie Young,Bulldogs,MI,276000,R:18_P:Lachie Young,17,R:18_P:Lachie Young_MI,1
232,18,Bulldogs,Saints,2020,46.930523917995444,Lachie Young,Bulldogs,MI,276000,R:18_P:Lachie Young,17,R:18_P:Lachie Young_MI,1
233,4,Kangaroos,Hawks,2020,53.705263157894734,Will Walker,Kangaroos,FO,345000,R:4_P:Will Walker,3,R:4_P:Will Walker_FO,1
234,12,Kangaroos,Lions,2020,51.0,Will Walker,Kangaroos,FO,345000,R:12_P:Will Walker,11,R:12_P:Will Walker_FO,1
235,9,Bulldogs,Tigers,2020,47.33161157024793,Lachie Young,Bulldogs,DE,276000,R:9_P:Lachie Young,8,R:9_P:Lachie Young_DE,1
236,1,Bulldogs,Magpies,2020,47.32084309133489,Lachie Young,Bulldogs,MI,276000,R:1_P:Lachie Young,0,R:1_P:Lachie Young_MI,1
237,3,Bulldogs,Giants,2020,46.81748071979435,Lachie Young,Bulldogs,DE,276000,R:3_P:Lachie Young,2,R:3_P:Lachie Young_DE,1
238,8,Bulldogs,Suns,2020,48.0,Lachie Young,Bulldogs,MI,276000,R:8_P:Lachie Young,7,R:8_P:Lachie Young_MI,1
239,14,Kangaroos,Suns,2020,53.36096256684492,Will Walker,Kangaroos,MI,345000,R:14_P:Will Walker,13,R:14_P:Will Walker_MI,1
240,2,Bulldogs,Saints,2020,46.930523917995444,Lachie Young,Bulldogs,MI,276000,R:2_P:Lachie Young,1,R:2_P:Lachie Young_MI,1
241,7,Bulldogs,Bombers,2020,28.0,Lachie Young,Bulldogs,DE,276000,R:7_P:Lachie Young,6,R:7_P:Lachie Young_DE,1
242,10,Bulldogs,Power,2020,46.287703016241295,Lachie Young,Bulldogs,DE,276000,R:10_P:Lachie Young,9,R:10_P:Lachie Young_DE,1
243,7,Kangaroos,Tigers,2020,52.08161157024793,Will Walker,Kangaroos,FO,345000,R:7_P:Will Walker,6,R:7_P:Will Walker_FO,1
244,3,Kangaroos,Swans,2020,51.76958224543081,Will Walker,Kangaroos,FO,345000,R:3_P:Will Walker,2,R:3_P:Will Walker_FO,1
245,5,Bulldogs,Kangaroos,2020,47.60687022900763,Lachie Young,Bulldogs,DE,276000,R:5_P:Lachie Young,4,R:5_P:Lachie Young_DE,1
246,14,Bulldogs,Cats,2020,45.646569646569645,Lachie Young,Bulldogs,MI,276000,R:14_P:Lachie Young,13,R:14_P:Lachie Young_MI,1
247,17,Lions,Swans,2020,41.01958224543081,Connor Ballenden,Lions,FO,189000,R:17_P:Connor Ballenden,16,R:17_P:Connor Ballenden_FO,1
248,16,Lions,Suns,2020,42.61096256684492,Connor Ballenden,Lions,FO,189000,R:16_P:Connor Ballenden,15,R:16_P:Connor Ballenden_FO,1
249,15,Lions,Magpies,2020,41.32084309133489,Connor Ballenden,Lions,FO,189000,R:15_P:Connor Ballenden,14,R:15_P:Connor Ballenden_FO,1
250,18,Lions,Blues,2020,40.983585858585855,Connor Ballenden,Lions,FO,189000,R:18_P:Connor Ballenden,17,R:18_P:Connor Ballenden_FO,1
251,18,Lions,Cats,2020,39.646569646569645,Connor Ballenden,Lions,FO,189000,R:18_P:Connor Ballenden,17,R:18_P:Connor Ballenden_FO,1
252,18,Lions,Tigers,2020,41.33161157024793,Connor Ballenden,Lions,FO,189000,R:18_P:Connor Ballenden,17,R:18_P:Connor Ballenden_FO,1
253,3,Lions,Eagles,2020,41.2590799031477,Connor Ballenden,Lions,FO,189000,R:3_P:Connor Ballenden,2,R:3_P:Connor Ballenden_FO,1
254,7,Demons,Hawks,2020,43.705263157894734,Toby Bedford,Demons,FO,200000,R:7_P:Toby Bedford,6,R:7_P:Toby Bedford_FO,1
255,16,Cats,Bombers,2020,57.275252525252526,Jordan Clark,Cats,MI,422000,R:16_P:Jordan Clark,15,R:16_P:Jordan Clark_MI,1
256,13,Cats,Crows,2020,63.0,Jordan Clark,Cats,DE,422000,R:13_P:Jordan Clark,12,R:13_P:Jordan Clark_DE,1
257,11,Cats,Saints,2020,55.930523917995444,Jordan Clark,Cats,DE,422000,R:11_P:Jordan Clark,10,R:11_P:Jordan Clark_DE,1
258,5,Cats,Suns,2020,57.61096256684492,Jordan Clark,Cats,DE,422000,R:5_P:Jordan Clark,4,R:5_P:Jordan Clark_DE,1
259,10,Cats,Kangaroos,2020,56.60687022900763,Jordan Clark,Cats,MI,422000,R:10_P:Jordan Clark,9,R:10_P:Jordan Clark_MI,1
260,1,Cats,Giants,2020,51.0,Jordan Clark,Cats,DE,422000,R:1_P:Jordan Clark,0,R:1_P:Jordan Clark_DE,1
261,18,Cats,Magpies,2020,56.32084309133489,Jordan Clark,Cats,DE,422000,R:18_P:Jordan Clark,17,R:18_P:Jordan Clark_DE,1
262,18,Cats,Tigers,2020,56.33161157024793,Jordan Clark,Cats,DE,422000,R:18_P:Jordan Clark,17,R:18_P:Jordan Clark_DE,1
263,18,Cats,Swans,2020,56.01958224543081,Jordan Clark,Cats,DE,422000,R:18_P:Jordan Clark,17,R:18_P:Jordan Clark_DE,1
264,18,Cats,Power,2020,55.287703016241295,Jordan Clark,Cats,DE,422000,R:18_P:Jordan Clark,17,R:18_P:Jordan Clark_DE,1
265,18,Cats,Lions,2020,55.55361305361305,Jordan Clark,Cats,DE,422000,R:18_P:Jordan Clark,17,R:18_P:Jordan Clark_DE,1
266,8,Cats,Dockers,2020,55.85512820512821,Jordan Clark,Cats,DE,422000,R:8_P:Jordan Clark,7,R:8_P:Jordan Clark_DE,1
267,7,Cats,Magpies,2020,54.0,Jordan Clark,Cats,DE,422000,R:7_P:Jordan Clark,6,R:7_P:Jordan Clark_DE,1
268,3,Cats,Blues,2020,55.983585858585855,Jordan Clark,Cats,MI,422000,R:3_P:Jordan Clark,2,R:3_P:Jordan Clark_MI,1
269,12,Cats,Power,2020,55.287703016241295,Jordan Clark,Cats,DE,422000,R:12_P:Jordan Clark,11,R:12_P:Jordan Clark_DE,1
270,6,Cats,Lions,2020,55.55361305361305,Jordan Clark,Cats,DE,422000,R:6_P:Jordan Clark,5,R:6_P:Jordan Clark_DE,1
271,9,Cats,Eagles,2020,56.2590799031477,Jordan Clark,Cats,DE,422000,R:9_P:Jordan Clark,8,R:9_P:Jordan Clark_DE,1
272,15,Cats,,2020,56.0,Jordan Clark,Cats,DE,422000,R:15_P:Jordan Clark,14,R:15_P:Jordan Clark_DE,1
273,2,Cats,Hawks,2020,57.955263157894734,Jordan Clark,Cats,DE,422000,R:2_P:Jordan Clark,1,R:2_P:Jordan Clark_DE,1
274,14,Cats,Bulldogs,2020,56.56024096385542,Jordan Clark,Cats,MI,422000,R:14_P:Jordan Clark,13,R:14_P:Jordan Clark_MI,1
275,4,Cats,Demons,2020,56.85584415584415,Jordan Clark,Cats,MI,422000,R:4_P:Jordan Clark,3,R:4_P:Jordan Clark_MI,1
276,17,Cats,Tigers,2020,56.33161157024793,Jordan Clark,Cats,MI,422000,R:17_P:Jordan Clark,16,R:17_P:Jordan Clark_MI,1
277,18,Magpies,Eagles,2020,41.925746569814365,Atu Bosenavulagi,Magpies,FO,206000,R:18_P:Atu Bosenavulagi,17,R:18_P:Atu Bosenavulagi_FO,1
278,18,Magpies,Cats,2020,40.31323631323631,Atu Bosenavulagi,Magpies,FO,206000,R:18_P:Atu Bosenavulagi,17,R:18_P:Atu Bosenavulagi_FO,1
279,18,Magpies,Power,2020,40.954369682907966,Atu Bosenavulagi,Magpies,FO,206000,R:18_P:Atu Bosenavulagi,17,R:18_P:Atu Bosenavulagi_FO,1
280,13,Bulldogs,Demons,2020,53.68917748917749,Lin Jong,Bulldogs,MI,375000,R:13_P:Lin Jong,12,R:13_P:Lin Jong_MI,1
281,11,Bulldogs,Lions,2020,52.386946386946384,Lin Jong,Bulldogs,FO,375000,R:11_P:Lin Jong,10,R:11_P:Lin Jong_FO,1
282,2,Bulldogs,Saints,2020,63.0,Lin Jong,Bulldogs,FO,375000,R:2_P:Lin Jong,1,R:2_P:Lin Jong_FO,1
283,7,Bulldogs,Bombers,2020,54.108585858585855,Lin Jong,Bulldogs,MI,375000,R:7_P:Lin Jong,6,R:7_P:Lin Jong_MI,1
284,18,Bulldogs,Dockers,2020,52.68846153846154,Lin Jong,Bulldogs,MI,375000,R:18_P:Lin Jong,17,R:18_P:Lin Jong_MI,1
285,18,Bulldogs,Saints,2020,52.76385725132877,Lin Jong,Bulldogs,MI,375000,R:18_P:Lin Jong,17,R:18_P:Lin Jong_MI,1
286,1,Bulldogs,Magpies,2020,53.15417642466822,Lin Jong,Bulldogs,FO,375000,R:1_P:Lin Jong,0,R:1_P:Lin Jong_FO,1
287,14,Bulldogs,Cats,2020,51.479902979902974,Lin Jong,Bulldogs,MI,375000,R:14_P:Lin Jong,13,R:14_P:Lin Jong_MI,1
288,4,Bulldogs,Swans,2020,52.85291557876414,Lin Jong,Bulldogs,MI,375000,R:4_P:Lin Jong,3,R:4_P:Lin Jong_MI,1
289,9,Bulldogs,Tigers,2020,53.164944903581265,Lin Jong,Bulldogs,FO,375000,R:9_P:Lin Jong,8,R:9_P:Lin Jong_FO,1
290,10,Bulldogs,Power,2020,52.12103634957463,Lin Jong,Bulldogs,FO,375000,R:10_P:Lin Jong,9,R:10_P:Lin Jong_FO,1
291,8,Bulldogs,Suns,2020,54.44429590017825,Lin Jong,Bulldogs,FO,375000,R:8_P:Lin Jong,7,R:8_P:Lin Jong_FO,1
292,5,Bulldogs,Kangaroos,2020,39.0,Lin Jong,Bulldogs,FO,375000,R:5_P:Lin Jong,4,R:5_P:Lin Jong_FO,1
293,6,Bulldogs,Blues,2020,52.81691919191919,Lin Jong,Bulldogs,MI,375000,R:6_P:Lin Jong,5,R:6_P:Lin Jong_MI,1
294,15,Bulldogs,,2020,49.666666666666664,Lin Jong,Bulldogs,FO,375000,R:15_P:Lin Jong,14,R:15_P:Lin Jong_FO,1
295,16,Bulldogs,Eagles,2020,53.092413236481036,Lin Jong,Bulldogs,FO,375000,R:16_P:Lin Jong,15,R:16_P:Lin Jong_FO,1
296,12,Bulldogs,Crows,2020,55.414273281114006,Lin Jong,Bulldogs,MI,375000,R:12_P:Lin Jong,11,R:12_P:Lin Jong_MI,1
297,17,Bulldogs,Hawks,2020,54.78859649122807,Lin Jong,Bulldogs,FO,375000,R:17_P:Lin Jong,16,R:17_P:Lin Jong_FO,1
298,5,Lions,Power,2020,38.287703016241295,Tom Fullarton,Lions,RU,170000,R:5_P:Tom Fullarton,4,R:5_P:Tom Fullarton_RU,1
299,4,Lions,Crows,2020,41.58093994778068,Tom Fullarton,Lions,FO,170000,R:4_P:Tom Fullarton,3,R:4_P:Tom Fullarton_FO,1
300,15,Blues,Giants,2020,38.81748071979435,Josh Honey,Blues,MI,170000,R:15_P:Josh Honey,14,R:15_P:Josh Honey_MI,1
301,12,Lions,Kangaroos,2020,39.60687022900763,Tom Fullarton,Lions,RU,170000,R:12_P:Tom Fullarton,11,R:12_P:Tom Fullarton_RU,1
302,14,Lions,,2020,22.0,Tom Fullarton,Lions,FO,170000,R:14_P:Tom Fullarton,13,R:14_P:Tom Fullarton_FO,1
303,7,Lions,Giants,2020,38.81748071979435,Tom Fullarton,Lions,RU,170000,R:7_P:Tom Fullarton,6,R:7_P:Tom Fullarton_RU,1
304,17,Blues,Crows,2020,41.58093994778068,Josh Honey,Blues,MI,170000,R:17_P:Josh Honey,16,R:17_P:Josh Honey_MI,1
305,2,Lions,Dockers,2020,38.85512820512821,Tom Fullarton,Lions,FO,170000,R:2_P:Tom Fullarton,1,R:2_P:Tom Fullarton_FO,1
306,3,Blues,Cats,2020,37.646569646569645,Josh Honey,Blues,FO,170000,R:3_P:Josh Honey,2,R:3_P:Josh Honey_FO,1
307,12,Blues,Dockers,2020,22.0,Josh Honey,Blues,MI,170000,R:12_P:Josh Honey,11,R:12_P:Josh Honey_MI,1
308,14,Blues,Magpies,2020,39.32084309133489,Josh Honey,Blues,MI,170000,R:14_P:Josh Honey,13,R:14_P:Josh Honey_MI,1
309,2,Blues,Demons,2020,39.85584415584415,Josh Honey,Blues,FO,170000,R:2_P:Josh Honey,1,R:2_P:Josh Honey_FO,1
310,9,Blues,Hawks,2020,40.955263157894734,Josh Honey,Blues,FO,170000,R:9_P:Josh Honey,8,R:9_P:Josh Honey_FO,1
311,18,Blues,Lions,2020,38.55361305361305,Josh Honey,Blues,MI,170000,R:18_P:Josh Honey,17,R:18_P:Josh Honey_MI,1
312,8,Lions,Demons,2020,39.85584415584415,Tom Fullarton,Lions,FO,170000,R:8_P:Tom Fullarton,7,R:8_P:Tom Fullarton_FO,1
313,6,Blues,Bulldogs,2020,39.56024096385542,Josh Honey,Blues,MI,170000,R:6_P:Josh Honey,5,R:6_P:Josh Honey_MI,1
314,10,Blues,,2020,22.0,Josh Honey,Blues,FO,170000,R:10_P:Josh Honey,9,R:10_P:Josh Honey_FO,1
315,9,Lions,Bombers,2020,40.275252525252526,Tom Fullarton,Lions,FO,170000,R:9_P:Tom Fullarton,8,R:9_P:Tom Fullarton_FO,1
316,11,Blues,Eagles,2020,39.2590799031477,Josh Honey,Blues,FO,170000,R:11_P:Josh Honey,10,R:11_P:Josh Honey_FO,1
317,17,Lions,Swans,2020,39.01958224543081,Tom Fullarton,Lions,FO,170000,R:17_P:Tom Fullarton,16,R:17_P:Tom Fullarton_FO,1
318,4,Blues,Bombers,2020,40.275252525252526,Josh Honey,Blues,MI,170000,R:4_P:Josh Honey,3,R:4_P:Josh Honey_MI,1
319,16,Blues,Swans,2020,39.01958224543081,Josh Honey,Blues,MI,170000,R:16_P:Josh Honey,15,R:16_P:Josh Honey_MI,1
320,8,Blues,Kangaroos,2020,39.60687022900763,Josh Honey,Blues,MI,170000,R:8_P:Josh Honey,7,R:8_P:Josh Honey_MI,1
321,5,Blues,Saints,2020,38.930523917995444,Josh Honey,Blues,MI,170000,R:5_P:Josh Honey,4,R:5_P:Josh Honey_MI,1
322,13,Blues,Suns,2020,40.61096256684492,Josh Honey,Blues,MI,170000,R:13_P:Josh Honey,12,R:13_P:Josh Honey_MI,1
323,13,Lions,Saints,2020,40.0,Tom Fullarton,Lions,RU,170000,R:13_P:Tom Fullarton,12,R:13_P:Tom Fullarton_RU,1
324,6,Lions,Cats,2020,37.646569646569645,Tom Fullarton,Lions,FO,170000,R:6_P:Tom Fullarton,5,R:6_P:Tom Fullarton_FO,1
325,1,Lions,Hawks,2020,40.955263157894734,Tom Fullarton,Lions,FO,170000,R:1_P:Tom Fullarton,0,R:1_P:Tom Fullarton_FO,1
326,1,Blues,Tigers,2020,39.33161157024793,Josh Honey,Blues,FO,170000,R:1_P:Josh Honey,0,R:1_P:Josh Honey_FO,1
327,7,Blues,Power,2020,38.287703016241295,Josh Honey,Blues,MI,170000,R:7_P:Josh Honey,6,R:7_P:Josh Honey_MI,1
328,3,Giants,Bulldogs,2020,64.0,Sam Taylor,Giants,DE,276000,R:3_P:Sam Taylor,2,R:3_P:Sam Taylor_DE,1
329,17,Tigers,Cats,2020,57.99656964656965,Shane Edwards,Tigers,MI,497000,R:17_P:Shane Edwards,16,R:17_P:Shane Edwards_MI,1
330,13,Saints,Lions,2020,38.05361305361305,Ryan Byrnes,Saints,MI,170000,R:13_P:Ryan Byrnes,12,R:13_P:Ryan Byrnes_MI,1
331,16,Saints,Hawks,2020,40.455263157894734,Ryan Byrnes,Saints,MI,170000,R:16_P:Ryan Byrnes,15,R:16_P:Ryan Byrnes_MI,1
332,18,Saints,Tigers,2020,38.83161157024793,Ryan Byrnes,Saints,MI,170000,R:18_P:Ryan Byrnes,17,R:18_P:Ryan Byrnes_MI,1
333,18,Saints,Bulldogs,2020,39.06024096385542,Ryan Byrnes,Saints,MI,170000,R:18_P:Ryan Byrnes,17,R:18_P:Ryan Byrnes_MI,1
334,18,Saints,Giants,2020,38.31748071979435,Ryan Byrnes,Saints,MI,170000,R:18_P:Ryan Byrnes,17,R:18_P:Ryan Byrnes_MI,1
335,9,Saints,Swans,2020,38.51958224543081,Ryan Byrnes,Saints,MI,170000,R:9_P:Ryan Byrnes,8,R:9_P:Ryan Byrnes_MI,1
336,3,Saints,Magpies,2020,38.82084309133489,Ryan Byrnes,Saints,MI,170000,R:3_P:Ryan Byrnes,2,R:3_P:Ryan Byrnes_MI,1
337,4,Saints,Tigers,2020,38.83161157024793,Ryan Byrnes,Saints,MI,170000,R:4_P:Ryan Byrnes,3,R:4_P:Ryan Byrnes_MI,1
338,11,Saints,Cats,2020,37.146569646569645,Ryan Byrnes,Saints,MI,170000,R:11_P:Ryan Byrnes,10,R:11_P:Ryan Byrnes_MI,1
339,10,Saints,Suns,2020,40.11096256684492,Ryan Byrnes,Saints,MI,170000,R:10_P:Ryan Byrnes,9,R:10_P:Ryan Byrnes_MI,1
340,14,Saints,Demons,2020,39.35584415584415,Ryan Byrnes,Saints,MI,170000,R:14_P:Ryan Byrnes,13,R:14_P:Ryan Byrnes_MI,1
341,17,Saints,Eagles,2020,38.7590799031477,Ryan Byrnes,Saints,MI,170000,R:17_P:Ryan Byrnes,16,R:17_P:Ryan Byrnes_MI,1
342,4,Dockers,Suns,2020,77.0,Hayden Young,Dockers,DE,337000,R:4_P:Hayden Young,3,R:4_P:Hayden Young_DE,1
343,18,Cats,Magpies,2020,84.0,Jake Kolodjashnij,Cats,DE,458000,R:18_P:Jake Kolodjashnij,17,R:18_P:Jake Kolodjashnij_DE,1
344,18,Cats,Tigers,2020,84.0,Jake Kolodjashnij,Cats,DE,458000,R:18_P:Jake Kolodjashnij,17,R:18_P:Jake Kolodjashnij_DE,1
345,18,Cats,Swans,2020,84.0,Jake Kolodjashnij,Cats,DE,458000,R:18_P:Jake Kolodjashnij,17,R:18_P:Jake Kolodjashnij_DE,1
346,18,Cats,Power,2020,84.0,Jake Kolodjashnij,Cats,DE,458000,R:18_P:Jake Kolodjashnij,17,R:18_P:Jake Kolodjashnij_DE,1
347,18,Cats,Lions,2020,84.0,Jake Kolodjashnij,Cats,DE,458000,R:18_P:Jake Kolodjashnij,17,R:18_P:Jake Kolodjashnij_DE,1
348,17,Cats,Tigers,2020,54.0,Jake Kolodjashnij,Cats,DE,458000,R:17_P:Jake Kolodjashnij,16,R:17_P:Jake Kolodjashnij_DE,1
349,10,Eagles,,2020,38.2,Xavier O'Neill,Eagles,MI,310000,R:10_P:Xavier O'Neill,9,R:10_P:Xavier O'Neill_MI,1
350,7,Eagles,Dockers,2020,46.955128205128204,Xavier O'Neill,Eagles,FO,310000,R:7_P:Xavier O'Neill,6,R:7_P:Xavier O'Neill_FO,1
351,1,Eagles,Demons,2020,47.95584415584416,Xavier O'Neill,Eagles,MI,310000,R:1_P:Xavier O'Neill,0,R:1_P:Xavier O'Neill_MI,1
352,12,Eagles,Hawks,2020,49.05526315789474,Xavier O'Neill,Eagles,FO,310000,R:12_P:Xavier O'Neill,11,R:12_P:Xavier O'Neill_FO,1
353,9,Eagles,Cats,2020,45.74656964656965,Xavier O'Neill,Eagles,MI,310000,R:9_P:Xavier O'Neill,8,R:9_P:Xavier O'Neill_MI,1
354,6,Eagles,Crows,2020,49.68093994778068,Xavier O'Neill,Eagles,FO,310000,R:6_P:Xavier O'Neill,5,R:6_P:Xavier O'Neill_FO,1
355,8,Eagles,Magpies,2020,47.420843091334895,Xavier O'Neill,Eagles,FO,310000,R:8_P:Xavier O'Neill,7,R:8_P:Xavier O'Neill_FO,1
356,11,Eagles,Blues,2020,47.08358585858586,Xavier O'Neill,Eagles,MI,310000,R:11_P:Xavier O'Neill,10,R:11_P:Xavier O'Neill_MI,1
357,15,Eagles,Bombers,2020,41.0,Xavier O'Neill,Eagles,MI,310000,R:15_P:Xavier O'Neill,14,R:15_P:Xavier O'Neill_MI,1
358,2,Eagles,Suns,2020,48.71096256684492,Xavier O'Neill,Eagles,FO,310000,R:2_P:Xavier O'Neill,1,R:2_P:Xavier O'Neill_FO,1
359,4,Eagles,Power,2020,46.3877030162413,Xavier O'Neill,Eagles,FO,310000,R:4_P:Xavier O'Neill,3,R:4_P:Xavier O'Neill_FO,1
360,10,Cats,Kangaroos,2020,47.0,Zach Guthrie,Cats,DE,338000,R:10_P:Zach Guthrie,9,R:10_P:Zach Guthrie_DE,1
361,14,Cats,Bulldogs,2020,49.06024096385542,Zach Guthrie,Cats,DE,338000,R:14_P:Zach Guthrie,13,R:14_P:Zach Guthrie_DE,1
362,17,Cats,Tigers,2020,48.83161157024793,Zach Guthrie,Cats,DE,338000,R:17_P:Zach Guthrie,16,R:17_P:Zach Guthrie_DE,1
363,13,Cats,Crows,2020,51.08093994778068,Zach Guthrie,Cats,MI,338000,R:13_P:Zach Guthrie,12,R:13_P:Zach Guthrie_MI,1
364,4,Cats,Demons,2020,49.35584415584415,Zach Guthrie,Cats,DE,338000,R:4_P:Zach Guthrie,3,R:4_P:Zach Guthrie_DE,1
365,3,Cats,Blues,2020,48.483585858585855,Zach Guthrie,Cats,DE,338000,R:3_P:Zach Guthrie,2,R:3_P:Zach Guthrie_DE,1
366,18,Cats,Swans,2020,48.51958224543081,Zach Guthrie,Cats,DE,338000,R:18_P:Zach Guthrie,17,R:18_P:Zach Guthrie_DE,1
367,18,Cats,Magpies,2020,48.82084309133489,Zach Guthrie,Cats,DE,338000,R:18_P:Zach Guthrie,17,R:18_P:Zach Guthrie_DE,1
368,18,Cats,Lions,2020,48.05361305361305,Zach Guthrie,Cats,DE,338000,R:18_P:Zach Guthrie,17,R:18_P:Zach Guthrie_DE,1
369,18,Cats,Tigers,2020,48.83161157024793,Zach Guthrie,Cats,DE,338000,R:18_P:Zach Guthrie,17,R:18_P:Zach Guthrie_DE,1
370,18,Cats,Power,2020,47.787703016241295,Zach Guthrie,Cats,DE,338000,R:18_P:Zach Guthrie,17,R:18_P:Zach Guthrie_DE,1
371,11,Cats,Saints,2020,48.430523917995444,Zach Guthrie,Cats,DE,338000,R:11_P:Zach Guthrie,10,R:11_P:Zach Guthrie_DE,1
372,12,Cats,Power,2020,47.787703016241295,Zach Guthrie,Cats,DE,338000,R:12_P:Zach Guthrie,11,R:12_P:Zach Guthrie_DE,1
373,8,Cats,Dockers,2020,48.35512820512821,Zach Guthrie,Cats,DE,338000,R:8_P:Zach Guthrie,7,R:8_P:Zach Guthrie_DE,1
374,6,Cats,Lions,2020,48.05361305361305,Zach Guthrie,Cats,MI,338000,R:6_P:Zach Guthrie,5,R:6_P:Zach Guthrie_MI,1
375,16,Cats,Bombers,2020,51.0,Zach Guthrie,Cats,DE,338000,R:16_P:Zach Guthrie,15,R:16_P:Zach Guthrie_DE,1
376,9,Cats,Eagles,2020,48.7590799031477,Zach Guthrie,Cats,DE,338000,R:9_P:Zach Guthrie,8,R:9_P:Zach Guthrie_DE,1
377,7,Cats,Magpies,2020,48.82084309133489,Zach Guthrie,Cats,DE,338000,R:7_P:Zach Guthrie,6,R:7_P:Zach Guthrie_DE,1
378,5,Cats,Suns,2020,50.11096256684492,Zach Guthrie,Cats,DE,338000,R:5_P:Zach Guthrie,4,R:5_P:Zach Guthrie_DE,1
379,2,Cats,Hawks,2020,50.455263157894734,Zach Guthrie,Cats,DE,338000,R:2_P:Zach Guthrie,1,R:2_P:Zach Guthrie_DE,1
380,15,Cats,,2020,41.0,Zach Guthrie,Cats,MI,338000,R:15_P:Zach Guthrie,14,R:15_P:Zach Guthrie_MI,1
381,6,Cats,Lions,2020,102.0,Sam Simpson,Cats,FO,481000,R:6_P:Sam Simpson,5,R:6_P:Sam Simpson_FO,1
382,8,Saints,Power,2020,37.287703016241295,Dylan Roberton,Saints,DE,170000,R:8_P:Dylan Roberton,7,R:8_P:Dylan Roberton_DE,1
383,7,Swans,Suns,2020,39.61096256684492,Joel Amartey,Swans,RU,170000,R:7_P:Joel Amartey,6,R:7_P:Joel Amartey_RU,1
384,4,Saints,Tigers,2020,38.33161157024793,Dylan Roberton,Saints,DE,170000,R:4_P:Dylan Roberton,3,R:4_P:Dylan Roberton_DE,1
385,10,Swans,Magpies,2020,38.32084309133489,Joel Amartey,Swans,FO,170000,R:10_P:Joel Amartey,9,R:10_P:Joel Amartey_FO,1
386,18,Saints,Bulldogs,2020,38.56024096385542,Dylan Roberton,Saints,DE,170000,R:18_P:Dylan Roberton,17,R:18_P:Dylan Roberton_DE,1
387,18,Saints,Tigers,2020,38.33161157024793,Dylan Roberton,Saints,DE,170000,R:18_P:Dylan Roberton,17,R:18_P:Dylan Roberton_DE,1
388,18,Saints,Giants,2020,37.81748071979435,Dylan Roberton,Saints,DE,170000,R:18_P:Dylan Roberton,17,R:18_P:Dylan Roberton_DE,1
389,14,Swans,Power,2020,37.287703016241295,Joel Amartey,Swans,RU,170000,R:14_P:Joel Amartey,13,R:14_P:Joel Amartey_RU,1
390,13,Swans,Dockers,2020,37.85512820512821,Joel Amartey,Swans,FO,170000,R:13_P:Joel Amartey,12,R:13_P:Joel Amartey_FO,1
391,12,Saints,Bombers,2020,39.275252525252526,Dylan Roberton,Saints,DE,170000,R:12_P:Dylan Roberton,11,R:12_P:Dylan Roberton_DE,1
392,9,Swans,Saints,2020,37.930523917995444,Joel Amartey,Swans,FO,170000,R:9_P:Joel Amartey,8,R:9_P:Joel Amartey_FO,1
393,12,Swans,Giants,2020,37.81748071979435,Joel Amartey,Swans,FO,170000,R:12_P:Joel Amartey,11,R:12_P:Joel Amartey_FO,1
394,10,Saints,Suns,2020,39.61096256684492,Dylan Roberton,Saints,DE,170000,R:10_P:Dylan Roberton,9,R:10_P:Dylan Roberton_DE,1
395,2,Swans,Bombers,2020,39.275252525252526,Joel Amartey,Swans,FO,170000,R:2_P:Joel Amartey,1,R:2_P:Joel Amartey_FO,1
396,16,Swans,Blues,2020,37.983585858585855,Joel Amartey,Swans,RU,170000,R:16_P:Joel Amartey,15,R:16_P:Joel Amartey_RU,1
397,11,Saints,Cats,2020,36.646569646569645,Dylan Roberton,Saints,DE,170000,R:11_P:Dylan Roberton,10,R:11_P:Dylan Roberton_DE,1
398,3,Swans,Kangaroos,2020,38.60687022900763,Joel Amartey,Swans,RU,170000,R:3_P:Joel Amartey,2,R:3_P:Joel Amartey_RU,1
399,1,Swans,Crows,2020,40.58093994778068,Joel Amartey,Swans,FO,170000,R:1_P:Joel Amartey,0,R:1_P:Joel Amartey_FO,1
400,5,Saints,Blues,2020,37.983585858585855,Dylan Roberton,Saints,DE,170000,R:5_P:Dylan Roberton,4,R:5_P:Dylan Roberton_DE,1
401,9,Saints,Swans,2020,38.01958224543081,Dylan Roberton,Saints,DE,170000,R:9_P:Dylan Roberton,8,R:9_P:Dylan Roberton_DE,1
402,7,Saints,Crows,2020,40.58093994778068,Dylan Roberton,Saints,DE,170000,R:7_P:Dylan Roberton,6,R:7_P:Dylan Roberton_DE,1
403,6,Saints,Dockers,2020,37.85512820512821,Dylan Roberton,Saints,DE,170000,R:6_P:Dylan Roberton,5,R:6_P:Dylan Roberton_DE,1
404,17,Swans,Lions,2020,20.0,Joel Amartey,Swans,FO,170000,R:17_P:Joel Amartey,16,R:17_P:Joel Amartey_FO,1
405,17,Saints,Eagles,2020,38.2590799031477,Dylan Roberton,Saints,DE,170000,R:17_P:Dylan Roberton,16,R:17_P:Dylan Roberton_DE,1
406,6,Swans,Tigers,2020,38.33161157024793,Joel Amartey,Swans,FO,170000,R:6_P:Joel Amartey,5,R:6_P:Joel Amartey_FO,1
407,4,Swans,Bulldogs,2020,38.56024096385542,Joel Amartey,Swans,RU,170000,R:4_P:Joel Amartey,3,R:4_P:Joel Amartey_RU,1
408,16,Saints,Hawks,2020,39.955263157894734,Dylan Roberton,Saints,DE,170000,R:16_P:Dylan Roberton,15,R:16_P:Dylan Roberton_DE,1
409,18,Tigers,Power,2020,48.62103634957463,Oleg Markov,Tigers,DE,370000,R:18_P:Oleg Markov,17,R:18_P:Oleg Markov_DE,1
410,18,Tigers,Saints,2020,49.26385725132877,Oleg Markov,Tigers,DE,370000,R:18_P:Oleg Markov,17,R:18_P:Oleg Markov_DE,1
411,18,Tigers,Cats,2020,47.979902979902974,Oleg Markov,Tigers,DE,370000,R:18_P:Oleg Markov,17,R:18_P:Oleg Markov_DE,1
412,18,Tigers,Crows,2020,51.914273281114006,Oleg Markov,Tigers,DE,370000,R:18_P:Oleg Markov,17,R:18_P:Oleg Markov_DE,1
413,18,Tigers,Lions,2020,48.886946386946384,Oleg Markov,Tigers,DE,370000,R:18_P:Oleg Markov,17,R:18_P:Oleg Markov_DE,1
414,3,Blues,Cats,2020,59.43228393228393,Matthew Kennedy,Blues,MI,570000,R:3_P:Matthew Kennedy,2,R:3_P:Matthew Kennedy_MI,1
415,13,Blues,Suns,2020,62.3966768525592,Matthew Kennedy,Blues,FO,570000,R:13_P:Matthew Kennedy,12,R:13_P:Matthew Kennedy_FO,1
416,7,Blues,Power,2020,44.0,Matthew Kennedy,Blues,MI,570000,R:7_P:Matthew Kennedy,6,R:7_P:Matthew Kennedy_MI,1
417,4,Blues,Bombers,2020,62.06096681096681,Matthew Kennedy,Blues,FO,570000,R:4_P:Matthew Kennedy,3,R:4_P:Matthew Kennedy_FO,1
418,2,Blues,Demons,2020,61.641558441558445,Matthew Kennedy,Blues,MI,570000,R:2_P:Matthew Kennedy,1,R:2_P:Matthew Kennedy_MI,1
419,15,Blues,Giants,2020,60.603195005508624,Matthew Kennedy,Blues,MI,570000,R:15_P:Matthew Kennedy,14,R:15_P:Matthew Kennedy_MI,1
420,5,Blues,Saints,2020,60.71623820370973,Matthew Kennedy,Blues,FO,570000,R:5_P:Matthew Kennedy,4,R:5_P:Matthew Kennedy_FO,1
421,14,Eagles,Tigers,2020,47.4982782369146,Brayden Ainsworth,Eagles,FO,336000,R:14_P:Brayden Ainsworth,13,R:14_P:Brayden Ainsworth_FO,1
422,2,Eagles,Suns,2020,48.77762923351159,Brayden Ainsworth,Eagles,MI,336000,R:2_P:Brayden Ainsworth,1,R:2_P:Brayden Ainsworth_MI,1
423,10,Eagles,,2020,38.333333333333336,Brayden Ainsworth,Eagles,FO,336000,R:10_P:Brayden Ainsworth,9,R:10_P:Brayden Ainsworth_FO,1
424,1,Eagles,Demons,2020,48.022510822510824,Brayden Ainsworth,Eagles,FO,336000,R:1_P:Brayden Ainsworth,0,R:1_P:Brayden Ainsworth_FO,1
425,6,Eagles,Crows,2020,52.0,Brayden Ainsworth,Eagles,FO,336000,R:6_P:Brayden Ainsworth,5,R:6_P:Brayden Ainsworth_FO,1
426,15,Eagles,Bombers,2020,48.4419191919192,Brayden Ainsworth,Eagles,FO,336000,R:15_P:Brayden Ainsworth,14,R:15_P:Brayden Ainsworth_FO,1
427,4,Eagles,Power,2020,46.454369682907966,Brayden Ainsworth,Eagles,FO,336000,R:4_P:Brayden Ainsworth,3,R:4_P:Brayden Ainsworth_FO,1
428,7,Eagles,Dockers,2020,52.0,Brayden Ainsworth,Eagles,MI,336000,R:7_P:Brayden Ainsworth,6,R:7_P:Brayden Ainsworth_MI,1
429,11,Eagles,Blues,2020,47.150252525252526,Brayden Ainsworth,Eagles,MI,336000,R:11_P:Brayden Ainsworth,10,R:11_P:Brayden Ainsworth_MI,1
430,12,Eagles,Hawks,2020,50.0,Brayden Ainsworth,Eagles,MI,336000,R:12_P:Brayden Ainsworth,11,R:12_P:Brayden Ainsworth_MI,1
431,3,Eagles,Lions,2020,46.72027972027972,Brayden Ainsworth,Eagles,MI,336000,R:3_P:Brayden Ainsworth,2,R:3_P:Brayden Ainsworth_MI,1
432,18,Tigers,Crows,2020,90.0,Kane Lambert,Tigers,FO,598000,R:18_P:Kane Lambert,17,R:18_P:Kane Lambert_FO,1
433,18,Tigers,Lions,2020,90.0,Kane Lambert,Tigers,FO,598000,R:18_P:Kane Lambert,17,R:18_P:Kane Lambert_FO,1
434,18,Tigers,Cats,2020,90.0,Kane Lambert,Tigers,FO,598000,R:18_P:Kane Lambert,17,R:18_P:Kane Lambert_FO,1
435,18,Tigers,Saints,2020,90.0,Kane Lambert,Tigers,FO,598000,R:18_P:Kane Lambert,17,R:18_P:Kane Lambert_FO,1
436,18,Tigers,Power,2020,90.0,Kane Lambert,Tigers,FO,598000,R:18_P:Kane Lambert,17,R:18_P:Kane Lambert_FO,1
437,18,Cats,Tigers,2020,65.0,Jed Bews,Cats,DE,441000,R:18_P:Jed Bews,17,R:18_P:Jed Bews_DE,1
438,18,Cats,Lions,2020,65.0,Jed Bews,Cats,DE,441000,R:18_P:Jed Bews,17,R:18_P:Jed Bews_DE,1
439,18,Cats,Swans,2020,65.0,Jed Bews,Cats,DE,441000,R:18_P:Jed Bews,17,R:18_P:Jed Bews_DE,1
440,18,Cats,Magpies,2020,65.0,Jed Bews,Cats,DE,441000,R:18_P:Jed Bews,17,R:18_P:Jed Bews_DE,1
441,18,Cats,Power,2020,65.0,Jed Bews,Cats,DE,441000,R:18_P:Jed Bews,17,R:18_P:Jed Bews_DE,1
442,8,Bulldogs,Suns,2020,48.69429590017825,Roarke Smith,Bulldogs,MI,339000,R:8_P:Roarke Smith,7,R:8_P:Roarke Smith_MI,1
443,7,Bulldogs,Bombers,2020,48.358585858585855,Roarke Smith,Bulldogs,FO,339000,R:7_P:Roarke Smith,6,R:7_P:Roarke Smith_FO,1
444,18,Bulldogs,Saints,2020,38.0,Roarke Smith,Bulldogs,MI,339000,R:18_P:Roarke Smith,17,R:18_P:Roarke Smith_MI,1
445,18,Bulldogs,Dockers,2020,38.0,Roarke Smith,Bulldogs,MI,339000,R:18_P:Roarke Smith,17,R:18_P:Roarke Smith_MI,1
446,2,Bulldogs,Saints,2020,47.01385725132877,Roarke Smith,Bulldogs,MI,339000,R:2_P:Roarke Smith,1,R:2_P:Roarke Smith_MI,1
447,13,Bulldogs,Demons,2020,47.93917748917749,Roarke Smith,Bulldogs,FO,339000,R:13_P:Roarke Smith,12,R:13_P:Roarke Smith_FO,1
448,16,Bulldogs,Eagles,2020,42.0,Roarke Smith,Bulldogs,MI,339000,R:16_P:Roarke Smith,15,R:16_P:Roarke Smith_MI,1
449,9,Bulldogs,Tigers,2020,47.414944903581265,Roarke Smith,Bulldogs,MI,339000,R:9_P:Roarke Smith,8,R:9_P:Roarke Smith_MI,1
450,5,Bulldogs,Kangaroos,2020,47.69020356234097,Roarke Smith,Bulldogs,MI,339000,R:5_P:Roarke Smith,4,R:5_P:Roarke Smith_MI,1
451,3,Bulldogs,Giants,2020,46.900814053127675,Roarke Smith,Bulldogs,FO,339000,R:3_P:Roarke Smith,2,R:3_P:Roarke Smith_FO,1
452,6,Bulldogs,Blues,2020,47.06691919191919,Roarke Smith,Bulldogs,MI,339000,R:6_P:Roarke Smith,5,R:6_P:Roarke Smith_MI,1
453,11,Bulldogs,Lions,2020,46.636946386946384,Roarke Smith,Bulldogs,FO,339000,R:11_P:Roarke Smith,10,R:11_P:Roarke Smith_FO,1
454,15,Bulldogs,,2020,38.166666666666664,Roarke Smith,Bulldogs,MI,339000,R:15_P:Roarke Smith,14,R:15_P:Roarke Smith_MI,1
455,1,Bulldogs,Magpies,2020,47.40417642466822,Roarke Smith,Bulldogs,MI,339000,R:1_P:Roarke Smith,0,R:1_P:Roarke Smith_MI,1
456,4,Bulldogs,Swans,2020,47.10291557876414,Roarke Smith,Bulldogs,MI,339000,R:4_P:Roarke Smith,3,R:4_P:Roarke Smith_MI,1
457,14,Bulldogs,Cats,2020,45.729902979902974,Roarke Smith,Bulldogs,FO,339000,R:14_P:Roarke Smith,13,R:14_P:Roarke Smith_FO,1
458,2,Eagles,Suns,2020,39.11096256684492,Luke Foley,Eagles,DE,170000,R:2_P:Luke Foley,1,R:2_P:Luke Foley_DE,1
459,14,Eagles,Tigers,2020,37.83161157024793,Luke Foley,Eagles,DE,170000,R:14_P:Luke Foley,13,R:14_P:Luke Foley_DE,1
460,9,Eagles,Cats,2020,36.146569646569645,Luke Foley,Eagles,DE,170000,R:9_P:Luke Foley,8,R:9_P:Luke Foley_DE,1
461,13,Eagles,Giants,2020,37.31748071979435,Luke Foley,Eagles,DE,170000,R:13_P:Luke Foley,12,R:13_P:Luke Foley_DE,1
462,12,Eagles,Hawks,2020,39.455263157894734,Luke Foley,Eagles,DE,170000,R:12_P:Luke Foley,11,R:12_P:Luke Foley_DE,1
463,1,Eagles,Demons,2020,38.35584415584415,Luke Foley,Eagles,DE,170000,R:1_P:Luke Foley,0,R:1_P:Luke Foley_DE,1
464,18,Cats,Magpies,2020,48.50834309133489,Bradley Close,Cats,FO,362000,R:18_P:Bradley Close,17,R:18_P:Bradley Close_FO,1
465,18,Cats,Swans,2020,48.20708224543081,Bradley Close,Cats,FO,362000,R:18_P:Bradley Close,17,R:18_P:Bradley Close_FO,1
466,18,Cats,Lions,2020,47.74111305361305,Bradley Close,Cats,FO,362000,R:18_P:Bradley Close,17,R:18_P:Bradley Close_FO,1
467,18,Cats,Tigers,2020,48.51911157024793,Bradley Close,Cats,FO,362000,R:18_P:Bradley Close,17,R:18_P:Bradley Close_FO,1
468,18,Cats,Power,2020,47.475203016241295,Bradley Close,Cats,FO,362000,R:18_P:Bradley Close,17,R:18_P:Bradley Close_FO,1
469,8,Crows,Bombers,2020,53.900252525252526,Lachlan Sholl,Crows,DE,442000,R:8_P:Lachlan Sholl,7,R:8_P:Lachlan Sholl_DE,1
470,3,Crows,Suns,2020,54.23596256684492,Lachlan Sholl,Crows,DE,442000,R:3_P:Lachlan Sholl,2,R:3_P:Lachlan Sholl_DE,1
471,14,Crows,,2020,49.25,Lachlan Sholl,Crows,DE,442000,R:14_P:Lachlan Sholl,13,R:14_P:Lachlan Sholl_DE,1
472,1,Crows,Swans,2020,52.64458224543081,Lachlan Sholl,Crows,DE,442000,R:1_P:Lachlan Sholl,0,R:1_P:Lachlan Sholl_DE,1
473,7,Crows,Saints,2020,52.555523917995444,Lachlan Sholl,Crows,DE,442000,R:7_P:Lachlan Sholl,6,R:7_P:Lachlan Sholl_DE,1
474,5,Crows,Dockers,2020,52.48012820512821,Lachlan Sholl,Crows,DE,442000,R:5_P:Lachlan Sholl,4,R:5_P:Lachlan Sholl_DE,1
475,9,Crows,Kangaroos,2020,53.23187022900763,Lachlan Sholl,Crows,MI,442000,R:9_P:Lachlan Sholl,8,R:9_P:Lachlan Sholl_MI,1
476,6,Crows,Eagles,2020,52.8840799031477,Lachlan Sholl,Crows,DE,442000,R:6_P:Lachlan Sholl,5,R:6_P:Lachlan Sholl_DE,1
477,2,Crows,Power,2020,51.912703016241295,Lachlan Sholl,Crows,DE,442000,R:2_P:Lachlan Sholl,1,R:2_P:Lachlan Sholl_DE,1
478,16,Crows,Giants,2020,39.0,Lachlan Sholl,Crows,DE,442000,R:16_P:Lachlan Sholl,15,R:16_P:Lachlan Sholl_DE,1
479,17,Crows,Blues,2020,89.0,Lachlan Sholl,Crows,MI,442000,R:17_P:Lachlan Sholl,16,R:17_P:Lachlan Sholl_MI,1
480,4,Crows,Lions,2020,52.17861305361305,Lachlan Sholl,Crows,DE,442000,R:4_P:Lachlan Sholl,3,R:4_P:Lachlan Sholl_DE,1
481,15,Crows,Hawks,2020,47.0,Lachlan Sholl,Crows,DE,442000,R:15_P:Lachlan Sholl,14,R:15_P:Lachlan Sholl_DE,1
482,11,Crows,Magpies,2020,57.0,Lachlan Sholl,Crows,DE,442000,R:11_P:Lachlan Sholl,10,R:11_P:Lachlan Sholl_DE,1
483,15,Eagles,Bombers,2020,54.212752525252526,Jarrod Brander,Eagles,MI,448000,R:15_P:Jarrod Brander,14,R:15_P:Jarrod Brander_MI,1
484,6,Eagles,Crows,2020,55.51843994778068,Jarrod Brander,Eagles,MI,448000,R:6_P:Jarrod Brander,5,R:6_P:Jarrod Brander_MI,1
485,8,Eagles,Magpies,2020,53.25834309133489,Jarrod Brander,Eagles,MI,448000,R:8_P:Jarrod Brander,7,R:8_P:Jarrod Brander_MI,1
486,12,Eagles,Hawks,2020,53.0,Jarrod Brander,Eagles,MI,448000,R:12_P:Jarrod Brander,11,R:12_P:Jarrod Brander_MI,1
487,2,Eagles,Suns,2020,46.0,Jarrod Brander,Eagles,MI,448000,R:2_P:Jarrod Brander,1,R:2_P:Jarrod Brander_MI,1
488,4,Eagles,Power,2020,46.0,Jarrod Brander,Eagles,MI,448000,R:4_P:Jarrod Brander,3,R:4_P:Jarrod Brander_MI,1
489,7,Eagles,Dockers,2020,52.79262820512821,Jarrod Brander,Eagles,MI,448000,R:7_P:Jarrod Brander,6,R:7_P:Jarrod Brander_MI,1
490,11,Eagles,Blues,2020,52.921085858585855,Jarrod Brander,Eagles,FO,448000,R:11_P:Jarrod Brander,10,R:11_P:Jarrod Brander_FO,1
491,3,Eagles,Lions,2020,68.0,Jarrod Brander,Eagles,MI,448000,R:3_P:Jarrod Brander,2,R:3_P:Jarrod Brander_MI,1
492,13,Eagles,Giants,2020,68.0,Jarrod Brander,Eagles,FO,448000,R:13_P:Jarrod Brander,12,R:13_P:Jarrod Brander_FO,1
493,5,Eagles,Swans,2020,52.95708224543081,Jarrod Brander,Eagles,FO,448000,R:5_P:Jarrod Brander,4,R:5_P:Jarrod Brander_FO,1
494,18,Tigers,Saints,2020,65.0,Jack Riewoldt,Tigers,FO,469000,R:18_P:Jack Riewoldt,17,R:18_P:Jack Riewoldt_FO,1
495,18,Tigers,Cats,2020,65.0,Jack Riewoldt,Tigers,FO,469000,R:18_P:Jack Riewoldt,17,R:18_P:Jack Riewoldt_FO,1
496,18,Tigers,Crows,2020,65.0,Jack Riewoldt,Tigers,FO,469000,R:18_P:Jack Riewoldt,17,R:18_P:Jack Riewoldt_FO,1
497,18,Tigers,Lions,2020,65.0,Jack Riewoldt,Tigers,FO,469000,R:18_P:Jack Riewoldt,17,R:18_P:Jack Riewoldt_FO,1
498,18,Tigers,Power,2020,65.0,Jack Riewoldt,Tigers,FO,469000,R:18_P:Jack Riewoldt,17,R:18_P:Jack Riewoldt_FO,1
499,17,Tigers,Cats,2020,66.0,Jack Riewoldt,Tigers,FO,469000,R:17_P:Jack Riewoldt,16,R:17_P:Jack Riewoldt_FO,1
500,1,Bombers,Dockers,2020,38.0,Orazio Fantasia,Bombers,DE,353000,R:1_P:Orazio Fantasia,0,R:1_P:Orazio Fantasia_DE,1
501,9,Bombers,Lions,2020,47.15361305361306,Orazio Fantasia,Bombers,FO,353000,R:9_P:Orazio Fantasia,8,R:9_P:Orazio Fantasia_FO,1
502,11,Bombers,Suns,2020,49.21096256684492,Orazio Fantasia,Bombers,DE,353000,R:11_P:Orazio Fantasia,10,R:11_P:Orazio Fantasia_DE,1
503,5,Bombers,Magpies,2020,38.0,Orazio Fantasia,Bombers,DE,353000,R:5_P:Orazio Fantasia,4,R:5_P:Orazio Fantasia_DE,1
504,16,Bombers,Cats,2020,46.24656964656965,Orazio Fantasia,Bombers,DE,353000,R:16_P:Orazio Fantasia,15,R:16_P:Orazio Fantasia_DE,1
505,14,Bombers,Hawks,2020,49.55526315789474,Orazio Fantasia,Bombers,DE,353000,R:14_P:Orazio Fantasia,13,R:14_P:Orazio Fantasia_DE,1
506,12,Bombers,Saints,2020,47.530523917995446,Orazio Fantasia,Bombers,FO,353000,R:12_P:Orazio Fantasia,11,R:12_P:Orazio Fantasia_FO,1
507,2,Bombers,Swans,2020,47.619582245430806,Orazio Fantasia,Bombers,DE,353000,R:2_P:Orazio Fantasia,1,R:2_P:Orazio Fantasia_DE,1
508,13,Bombers,Tigers,2020,47.93161157024794,Orazio Fantasia,Bombers,DE,353000,R:13_P:Orazio Fantasia,12,R:13_P:Orazio Fantasia_DE,1
509,15,Bombers,Eagles,2020,47.8590799031477,Orazio Fantasia,Bombers,DE,353000,R:15_P:Orazio Fantasia,14,R:15_P:Orazio Fantasia_DE,1
510,3,Bombers,,2020,39.2,Orazio Fantasia,Bombers,DE,353000,R:3_P:Orazio Fantasia,2,R:3_P:Orazio Fantasia_DE,1
511,8,Bombers,Crows,2020,50.18093994778068,Orazio Fantasia,Bombers,DE,353000,R:8_P:Orazio Fantasia,7,R:8_P:Orazio Fantasia_DE,1
512,10,Bombers,Giants,2020,47.41748071979434,Orazio Fantasia,Bombers,DE,353000,R:10_P:Orazio Fantasia,9,R:10_P:Orazio Fantasia_DE,1
513,10,Tigers,Lions,2020,81.0,Dustin Martin,Tigers,MI,713000,R:10_P:Dustin Martin,9,R:10_P:Dustin Martin_MI,1
514,1,Tigers,Blues,2020,90.0,Dustin Martin,Tigers,MI,713000,R:1_P:Dustin Martin,0,R:1_P:Dustin Martin_MI,1
515,18,Tigers,Saints,2020,94.0,Dustin Martin,Tigers,MI,713000,R:18_P:Dustin Martin,17,R:18_P:Dustin Martin_MI,1
516,18,Tigers,Cats,2020,94.0,Dustin Martin,Tigers,MI,713000,R:18_P:Dustin Martin,17,R:18_P:Dustin Martin_MI,1
517,18,Tigers,Crows,2020,94.0,Dustin Martin,Tigers,MI,713000,R:18_P:Dustin Martin,17,R:18_P:Dustin Martin_MI,1
518,18,Tigers,Lions,2020,94.0,Dustin Martin,Tigers,MI,713000,R:18_P:Dustin Martin,17,R:18_P:Dustin Martin_MI,1
519,18,Tigers,Power,2020,94.0,Dustin Martin,Tigers,MI,713000,R:18_P:Dustin Martin,17,R:18_P:Dustin Martin_MI,1
520,14,Tigers,Eagles,2020,83.0,Dustin Martin,Tigers,MI,713000,R:14_P:Dustin Martin,13,R:14_P:Dustin Martin_MI,1
521,12,Tigers,Suns,2020,69.0,Dustin Martin,Tigers,FO,713000,R:12_P:Dustin Martin,11,R:12_P:Dustin Martin_FO,1
522,7,Tigers,Kangaroos,2020,72.0,Dustin Martin,Tigers,FO,713000,R:7_P:Dustin Martin,6,R:7_P:Dustin Martin_FO,1
523,17,Tigers,Cats,2020,76.0,Dustin Martin,Tigers,MI,713000,R:17_P:Dustin Martin,16,R:17_P:Dustin Martin_MI,1
524,8,Tigers,Giants,2020,90.0,Dustin Martin,Tigers,MI,713000,R:8_P:Dustin Martin,7,R:8_P:Dustin Martin_MI,1
525,13,Tigers,Bombers,2020,105.0,Dustin Martin,Tigers,FO,713000,R:13_P:Dustin Martin,12,R:13_P:Dustin Martin_FO,1
526,9,Tigers,Bulldogs,2020,100.0,Dustin Martin,Tigers,MI,713000,R:9_P:Dustin Martin,8,R:9_P:Dustin Martin_MI,1
527,10,Magpies,Swans,2020,86.0,Steele Sidebottom,Magpies,MI,841000,R:10_P:Steele Sidebottom,9,R:10_P:Steele Sidebottom_MI,1
528,2,Magpies,Tigers,2020,83.0,Steele Sidebottom,Magpies,MI,841000,R:2_P:Steele Sidebottom,1,R:2_P:Steele Sidebottom_MI,1
529,12,Magpies,Demons,2020,105.0,Steele Sidebottom,Magpies,MI,841000,R:12_P:Steele Sidebottom,11,R:12_P:Steele Sidebottom_MI,1
530,16,Giants,Crows,2020,73.0,Jye Caldwell,Giants,FO,502000,R:16_P:Jye Caldwell,15,R:16_P:Jye Caldwell_FO,1
531,7,Giants,Lions,2020,59.0,Jye Caldwell,Giants,FO,502000,R:7_P:Jye Caldwell,6,R:7_P:Jye Caldwell_FO,1
532,14,Giants,Dockers,2020,54.96623931623932,Jye Caldwell,Giants,MI,502000,R:14_P:Jye Caldwell,13,R:14_P:Jye Caldwell_MI,1
533,4,Giants,Magpies,2020,55.43195420244601,Jye Caldwell,Giants,MI,502000,R:4_P:Jye Caldwell,3,R:4_P:Jye Caldwell_MI,1
534,12,Giants,Swans,2020,52.0,Jye Caldwell,Giants,MI,502000,R:12_P:Jye Caldwell,11,R:12_P:Jye Caldwell_MI,1
535,3,Giants,Bulldogs,2020,75.0,Jye Caldwell,Giants,MI,502000,R:3_P:Jye Caldwell,2,R:3_P:Jye Caldwell_MI,1
536,17,Giants,Demons,2020,55.96695526695527,Jye Caldwell,Giants,MI,502000,R:17_P:Jye Caldwell,16,R:17_P:Jye Caldwell_MI,1
537,5,Giants,Hawks,2020,57.06637426900585,Jye Caldwell,Giants,MI,502000,R:5_P:Jye Caldwell,4,R:5_P:Jye Caldwell_MI,1
538,2,Cats,Hawks,2020,94.0,Patrick Dangerfield,Cats,MI,780000,R:2_P:Patrick Dangerfield,1,R:2_P:Patrick Dangerfield_MI,1
539,13,Cats,Crows,2020,86.0,Patrick Dangerfield,Cats,MI,780000,R:13_P:Patrick Dangerfield,12,R:13_P:Patrick Dangerfield_MI,1
540,15,Cats,,2020,83.28571428571429,Patrick Dangerfield,Cats,MI,780000,R:15_P:Patrick Dangerfield,14,R:15_P:Patrick Dangerfield_MI,1
541,18,Cats,Magpies,2020,90.0,Patrick Dangerfield,Cats,FO,780000,R:18_P:Patrick Dangerfield,17,R:18_P:Patrick Dangerfield_FO,1
542,18,Cats,Lions,2020,90.0,Patrick Dangerfield,Cats,FO,780000,R:18_P:Patrick Dangerfield,17,R:18_P:Patrick Dangerfield_FO,1
543,18,Cats,Swans,2020,90.0,Patrick Dangerfield,Cats,FO,780000,R:18_P:Patrick Dangerfield,17,R:18_P:Patrick Dangerfield_FO,1
544,18,Cats,Power,2020,90.0,Patrick Dangerfield,Cats,FO,780000,R:18_P:Patrick Dangerfield,17,R:18_P:Patrick Dangerfield_FO,1
545,18,Cats,Tigers,2020,90.0,Patrick Dangerfield,Cats,FO,780000,R:18_P:Patrick Dangerfield,17,R:18_P:Patrick Dangerfield_FO,1
546,11,Cats,Saints,2020,89.0,Patrick Dangerfield,Cats,MI,780000,R:11_P:Patrick Dangerfield,10,R:11_P:Patrick Dangerfield_MI,1
547,16,Cats,Bombers,2020,86.0,Patrick Dangerfield,Cats,MI,780000,R:16_P:Patrick Dangerfield,15,R:16_P:Patrick Dangerfield_MI,1
548,16,Saints,Hawks,2020,82.0,Rowan Marshall,Saints,FO,738000,R:16_P:Rowan Marshall,15,R:16_P:Rowan Marshall_FO,1
549,10,Saints,Suns,2020,82.0,Rowan Marshall,Saints,RU,738000,R:10_P:Rowan Marshall,9,R:10_P:Rowan Marshall_RU,1
550,12,Saints,Bombers,2020,84.0,Rowan Marshall,Saints,RU,738000,R:12_P:Rowan Marshall,11,R:12_P:Rowan Marshall_RU,1
551,17,Saints,Eagles,2020,52.0,Rowan Marshall,Saints,RU,738000,R:17_P:Rowan Marshall,16,R:17_P:Rowan Marshall_RU,1
552,13,Saints,Lions,2020,79.0,Rowan Marshall,Saints,FO,738000,R:13_P:Rowan Marshall,12,R:13_P:Rowan Marshall_FO,1
553,9,Saints,Swans,2020,83.0,Rowan Marshall,Saints,RU,738000,R:9_P:Rowan Marshall,8,R:9_P:Rowan Marshall_RU,1
554,5,Bulldogs,Kangaroos,2020,83.0,Josh Bruce,Bulldogs,FO,371000,R:5_P:Josh Bruce,4,R:5_P:Josh Bruce_FO,1
555,3,Blues,Cats,2020,43.81323631323632,Paddy Dow,Blues,MI,323000,R:3_P:Paddy Dow,2,R:3_P:Paddy Dow_MI,1
556,15,Blues,Giants,2020,27.0,Paddy Dow,Blues,FO,323000,R:15_P:Paddy Dow,14,R:15_P:Paddy Dow_FO,1
557,9,Blues,Hawks,2020,47.121929824561406,Paddy Dow,Blues,MI,323000,R:9_P:Paddy Dow,8,R:9_P:Paddy Dow_MI,1
558,2,Blues,Demons,2020,46.022510822510824,Paddy Dow,Blues,FO,323000,R:2_P:Paddy Dow,1,R:2_P:Paddy Dow_FO,1
559,11,Blues,Eagles,2020,45.425746569814365,Paddy Dow,Blues,FO,323000,R:11_P:Paddy Dow,10,R:11_P:Paddy Dow_FO,1
560,5,Blues,Saints,2020,45.097190584662115,Paddy Dow,Blues,MI,323000,R:5_P:Paddy Dow,4,R:5_P:Paddy Dow_MI,1
561,16,Blues,Swans,2020,45.186248912097476,Paddy Dow,Blues,FO,323000,R:16_P:Paddy Dow,15,R:16_P:Paddy Dow_FO,1
562,13,Blues,Suns,2020,46.77762923351159,Paddy Dow,Blues,MI,323000,R:13_P:Paddy Dow,12,R:13_P:Paddy Dow_MI,1
563,14,Blues,Magpies,2020,38.0,Paddy Dow,Blues,FO,323000,R:14_P:Paddy Dow,13,R:14_P:Paddy Dow_FO,1
564,1,Blues,Tigers,2020,38.0,Paddy Dow,Blues,MI,323000,R:1_P:Paddy Dow,0,R:1_P:Paddy Dow_MI,1
565,8,Blues,Kangaroos,2020,45.7735368956743,Paddy Dow,Blues,FO,323000,R:8_P:Paddy Dow,7,R:8_P:Paddy Dow_FO,1
566,4,Blues,Bombers,2020,46.4419191919192,Paddy Dow,Blues,FO,323000,R:4_P:Paddy Dow,3,R:4_P:Paddy Dow_FO,1
567,6,Blues,Bulldogs,2020,45.72690763052209,Paddy Dow,Blues,FO,323000,R:6_P:Paddy Dow,5,R:6_P:Paddy Dow_FO,1
568,7,Blues,Power,2020,44.454369682907966,Paddy Dow,Blues,MI,323000,R:7_P:Paddy Dow,6,R:7_P:Paddy Dow_MI,1
569,8,Kangaroos,Blues,2020,67.0,Bailey Scott,Kangaroos,MI,453000,R:8_P:Bailey Scott,7,R:8_P:Bailey Scott_MI,1
570,3,Kangaroos,Swans,2020,51.78881301466158,Bailey Scott,Kangaroos,FO,453000,R:3_P:Bailey Scott,2,R:3_P:Bailey Scott_FO,1
571,1,Kangaroos,Saints,2020,51.69975468722622,Bailey Scott,Kangaroos,MI,453000,R:1_P:Bailey Scott,0,R:1_P:Bailey Scott_MI,1
572,4,Kangaroos,Hawks,2020,53.72449392712551,Bailey Scott,Kangaroos,FO,453000,R:4_P:Bailey Scott,3,R:4_P:Bailey Scott_FO,1
573,13,Kangaroos,Magpies,2020,76.0,Bailey Scott,Kangaroos,MI,453000,R:13_P:Bailey Scott,12,R:13_P:Bailey Scott_MI,1
574,5,Kangaroos,Bulldogs,2020,52.329471733086194,Bailey Scott,Kangaroos,MI,453000,R:5_P:Bailey Scott,4,R:5_P:Bailey Scott_MI,1
575,9,Kangaroos,Crows,2020,52.0,Bailey Scott,Kangaroos,MI,453000,R:9_P:Bailey Scott,8,R:9_P:Bailey Scott_MI,1
576,11,Kangaroos,Demons,2020,50.0,Bailey Scott,Kangaroos,FO,453000,R:11_P:Bailey Scott,10,R:11_P:Bailey Scott_FO,1
577,12,Kangaroos,Lions,2020,47.0,Bailey Scott,Kangaroos,FO,453000,R:12_P:Bailey Scott,11,R:12_P:Bailey Scott_FO,1
578,16,Magpies,,2020,57.166666666666664,Jamie Elliott,Magpies,FO,545000,R:16_P:Jamie Elliott,15,R:16_P:Jamie Elliott_FO,1
579,14,Magpies,Blues,2020,103.0,Jamie Elliott,Magpies,MI,545000,R:14_P:Jamie Elliott,13,R:14_P:Jamie Elliott_MI,1
580,9,Magpies,Dockers,2020,57.0,Jamie Elliott,Magpies,FO,545000,R:9_P:Jamie Elliott,8,R:9_P:Jamie Elliott_FO,1
581,15,Magpies,Lions,2020,60.0,Jamie Elliott,Magpies,FO,545000,R:15_P:Jamie Elliott,14,R:15_P:Jamie Elliott_FO,1
582,3,Magpies,Saints,2020,74.0,Jamie Elliott,Magpies,FO,545000,R:3_P:Jamie Elliott,2,R:3_P:Jamie Elliott_FO,1
583,7,Magpies,Cats,2020,57.0,Jamie Elliott,Magpies,MI,545000,R:7_P:Jamie Elliott,6,R:7_P:Jamie Elliott_MI,1
584,1,Hawks,Lions,2020,85.0,Isaac Smith,Hawks,FO,618000,R:1_P:Isaac Smith,0,R:1_P:Isaac Smith_FO,1
585,4,Hawks,Kangaroos,2020,62.0,Isaac Smith,Hawks,MI,618000,R:4_P:Isaac Smith,3,R:4_P:Isaac Smith_MI,1
586,10,Bombers,Giants,2020,72.0,Brandon Zerk-Thatcher,Bombers,DE,309000,R:10_P:Brandon Zerk-Thatcher,9,R:10_P:Brandon Zerk-Thatcher_DE,1
587,3,Hawks,Tigers,2020,99.0,Isaac Smith,Hawks,MI,618000,R:3_P:Isaac Smith,2,R:3_P:Isaac Smith_MI,1
588,5,Hawks,Giants,2020,68.0,Isaac Smith,Hawks,FO,618000,R:5_P:Isaac Smith,4,R:5_P:Isaac Smith_FO,1
589,16,Tigers,,2020,65.53333333333333,Shai Bolton,Tigers,MI,625000,R:16_P:Shai Bolton,15,R:16_P:Shai Bolton_MI,1
590,1,Tigers,Blues,2020,83.0,Shai Bolton,Tigers,FO,625000,R:1_P:Shai Bolton,0,R:1_P:Shai Bolton_FO,1
591,18,Tigers,Crows,2020,63.34760661444734,Shai Bolton,Tigers,MI,625000,R:18_P:Shai Bolton,17,R:18_P:Shai Bolton_MI,1
592,18,Tigers,Power,2020,60.05436968290796,Shai Bolton,Tigers,MI,625000,R:18_P:Shai Bolton,17,R:18_P:Shai Bolton_MI,1
593,18,Tigers,Lions,2020,60.320279720279714,Shai Bolton,Tigers,MI,625000,R:18_P:Shai Bolton,17,R:18_P:Shai Bolton_MI,1
594,18,Tigers,Cats,2020,59.41323631323631,Shai Bolton,Tigers,MI,625000,R:18_P:Shai Bolton,17,R:18_P:Shai Bolton_MI,1
595,18,Tigers,Saints,2020,60.69719058466211,Shai Bolton,Tigers,MI,625000,R:18_P:Shai Bolton,17,R:18_P:Shai Bolton_MI,1
596,13,Tigers,Bombers,2020,96.0,Shai Bolton,Tigers,FO,625000,R:13_P:Shai Bolton,12,R:13_P:Shai Bolton_FO,1
597,14,Tigers,Eagles,2020,71.0,Shai Bolton,Tigers,FO,625000,R:14_P:Shai Bolton,13,R:14_P:Shai Bolton_FO,1
598,2,Tigers,Magpies,2020,73.0,Shai Bolton,Tigers,MI,625000,R:2_P:Shai Bolton,1,R:2_P:Shai Bolton_MI,1
599,10,Tigers,Lions,2020,85.0,Shai Bolton,Tigers,MI,625000,R:10_P:Shai Bolton,9,R:10_P:Shai Bolton_MI,1
600,3,Demons,,2020,51.69230769230769,Adam Tomlinson,Demons,DE,493000,R:3_P:Adam Tomlinson,2,R:3_P:Adam Tomlinson_DE,1
601,1,Demons,Eagles,2020,59.0,Adam Tomlinson,Demons,DE,493000,R:1_P:Adam Tomlinson,0,R:1_P:Adam Tomlinson_DE,1
602,8,Demons,Lions,2020,53.3997668997669,Adam Tomlinson,Demons,MI,493000,R:8_P:Adam Tomlinson,7,R:8_P:Adam Tomlinson_MI,1
603,5,Demons,Tigers,2020,54.0,Adam Tomlinson,Demons,MI,493000,R:5_P:Adam Tomlinson,4,R:5_P:Adam Tomlinson_MI,1
604,6,Demons,Suns,2020,55.457116412998765,Adam Tomlinson,Demons,MI,493000,R:6_P:Adam Tomlinson,5,R:6_P:Adam Tomlinson_MI,1
605,15,Demons,Swans,2020,76.0,Adam Tomlinson,Demons,MI,493000,R:15_P:Adam Tomlinson,14,R:15_P:Adam Tomlinson_MI,1
606,4,Demons,Cats,2020,75.0,Adam Tomlinson,Demons,MI,493000,R:4_P:Adam Tomlinson,3,R:4_P:Adam Tomlinson_MI,1
607,2,Demons,Blues,2020,65.0,Adam Tomlinson,Demons,MI,493000,R:2_P:Adam Tomlinson,1,R:2_P:Adam Tomlinson_MI,1
608,7,Demons,Hawks,2020,55.80141700404859,Adam Tomlinson,Demons,DE,493000,R:7_P:Adam Tomlinson,6,R:7_P:Adam Tomlinson_DE,1
609,5,Hawks,Giants,2020,81.0,Ben McEvoy,Hawks,RU,477000,R:5_P:Ben McEvoy,4,R:5_P:Ben McEvoy_RU,1
610,14,Hawks,Bombers,2020,74.0,Ben McEvoy,Hawks,DE,477000,R:14_P:Ben McEvoy,13,R:14_P:Ben McEvoy_DE,1
611,12,Hawks,Eagles,2020,54.0,Ben McEvoy,Hawks,DE,477000,R:12_P:Ben McEvoy,11,R:12_P:Ben McEvoy_DE,1
612,6,Hawks,Magpies,2020,62.0,Ben McEvoy,Hawks,DE,477000,R:6_P:Ben McEvoy,5,R:6_P:Ben McEvoy_DE,1
613,10,Hawks,,2020,50.0,Ben McEvoy,Hawks,DE,477000,R:10_P:Ben McEvoy,9,R:10_P:Ben McEvoy_DE,1
614,11,Hawks,Dockers,2020,58.0,Ben McEvoy,Hawks,RU,477000,R:11_P:Ben McEvoy,10,R:11_P:Ben McEvoy_RU,1
615,8,Hawks,Swans,2020,57.0,Ben McEvoy,Hawks,RU,477000,R:8_P:Ben McEvoy,7,R:8_P:Ben McEvoy_RU,1
